record_id,인물,org_id,구분,직위,원표기,시간구간,근거절,보조출전,근거수준,보조사료대조,교차확인비고,비고,시기구획,직무분류,기관계열
OH0001,니시모토 온키치,O001,직위,발기인,발기인,1904,43-3,,대구물어 단독 전거,미확인,페이지까지 필요없고 출전만 사용. '동포회'는 다른 문헌에 명단이 언급 안됨,1904-06 설립 취지서 발기인 명단,민회기(1903~05),10 발기인,행정·자치
OH0002,도쿠히사 요네조,O001,직위,발기인,발기인,1904,43-3,,대구물어 단독 전거,미확인,,1904-06 설립 취지서 발기인 명단,민회기(1903~05),10 발기인,행정·자치
OH0003,마유미 다다시,O001,직위,발기인,발기인,1904,43-3,,대구물어 단독 전거,미확인,,1904-06 설립 취지서 발기인 명단,민회기(1903~05),10 발기인,행정·자치
OH0004,미와 조테쓰,O001,직위,발기인,발기인,1904,43-3,,대구물어 단독 전거,미확인,,1904-06 설립 취지서 발기인 명단,민회기(1903~05),10 발기인,행정·자치
OH0005,센가 다마키,O001,직위,발기인,발기인,1904,43-3,,대구물어 단독 전거,미확인,,1904-06 설립 취지서 발기인 명단,민회기(1903~05),10 발기인,행정·자치
OH0006,스다 산페이,O001,직위,발기인,발기인,1904,43-3,,대구물어 단독 전거,미확인,,1904-06 설립 취지서 발기인 명단,민회기(1903~05),10 발기인,행정·자치
OH0007,시모다 고키치,O001,직위,발기인,발기인,1904,43-3,,대구물어 단독 전거,미확인,,1904-06 설립 취지서 발기인 명단,민회기(1903~05),10 발기인,행정·자치
OH0008,쓰지 소노지로,O001,직위,발기인,발기인,1904,43-3,,대구물어 단독 전거,미확인,,1904-06 설립 취지서 발기인 명단,민회기(1903~05),10 발기인,행정·자치
OH0009,아오시마 구메조,O001,직위,발기인,발기인,1904,43-3,,대구물어 단독 전거,미확인,,1904-06 설립 취지서 발기인 명단,민회기(1903~05),10 발기인,행정·자치
OH0010,아키야마 시카렌,O001,직위,발기인,발기인,1904,43-3,,대구물어 단독 전거,미확인,,1904-06 설립 취지서 발기인 명단,민회기(1903~05),10 발기인,행정·자치
OH0011,야마와키 쇼사쿠,O001,직위,발기인,발기인,1904,43-3,,대구물어 단독 전거,미확인,,1904-06 설립 취지서 발기인 명단,민회기(1903~05),10 발기인,행정·자치
OH0012,오다 리사쿠,O001,직위,발기인,발기인,1904,43-3,,대구물어 단독 전거,미확인,,1904-06 설립 취지서 발기인 명단,민회기(1903~05),10 발기인,행정·자치
OH0013,오쿠보 하지메,O001,직위,발기인,발기인,1904,43-3,,대구물어 단독 전거,미확인,,1904-06 설립 취지서 발기인 명단,민회기(1903~05),10 발기인,행정·자치
OH0014,이노 히데스케,O001,직위,발기인,발기인,1904,43-3,,대구물어 단독 전거,미확인,,1904-06 설립 취지서 발기인 명단,민회기(1903~05),10 발기인,행정·자치
OH0015,이노우에 쓰네나오,O001,직위,발기인,발기인,1904,43-3,,대구물어 단독 전거,미확인,,1904-06 설립 취지서 발기인 명단,민회기(1903~05),10 발기인,행정·자치
OH0016,히라사와 이와타로,O001,직위,발기인,발기인,1904,43-3,,대구물어 단독 전거,미확인,,1904-06 설립 취지서 발기인 명단,민회기(1903~05),10 발기인,행정·자치
OH0017,히자쓰키 마스키치,O001,직위,발기인,발기인,1904,43-3,,대구물어 단독 전거,미확인,,1904-06 설립 취지서 발기인 명단,민회기(1903~05),10 발기인,행정·자치
OH0018,가미야 도요나리,O002,직위,평의원·의원,평의원,1904~,3-2;4-1,『대구민단사』,보조사료 대조 확인,확인,,,민회기(1903~05),2 의결직,행정·자치
OH0019,가와시마 규에몬,O002,직위,평의원·의원,평의원,1904~,3-2,,대구물어 단독 전거,미확인,,,민회기(1903~05),2 의결직,행정·자치
OH0020,가와이 아사오,O002,직위,평의원·의원,평의원(차점 당선),1905,26-2,『대구민단사』,보조사료 대조 확인,확인,,도쿠라 사퇴로 당선·인두세 폐지 관철,민회기(1903~05),2 의결직,행정·자치
OH0021,고다마 이타로,O002,직위,평의원·의원,평의원 당선(고타마 이타로),1905,25-1,,대구물어 단독 전거,미확인,,병합맵 적용·27표 당선,민회기(1903~05),2 의결직,행정·자치
OH0022,니시모토 민조,O002,직위,평의원·의원,평의원,1906,42-2,,대구물어 단독 전거,미확인,,보궐선거로 정원 충원 국면에 등장한 평의원,민단 제도화기(1906~07),2 의결직,행정·자치
OH0023,다도코로 유키에,O002,직위,기타,민장,1905~,5-1;13-3;24-2;25-1;30-3;42-2;51-1;51-3,『대구민단사』,보조사료 대조 확인,확인,,1905-05 당선·사무 쇄신 | 1906-08 의원 집단사직 후에도 후임 결정까지 사무 처리 명령; 원표기 민장,민회기(1903~05),1 대표직,행정·자치
OH0024,도쿠라 소로쿠,O002,직위,부회장,일본인회 부회장,1905,5-1;13-2,『대구민단사』,보조사료 대조 확인,확인,,일본인회(O113)→거류민회 개칭 과도기,민회기(1903~05),1 대표직,행정·자치
OH0025,도쿠라 소로쿠,O002,직위,평의원·의원,평의원,1904~,3-2;25-1;26-2,『대구민단사』,보조사료 대조 확인,확인,,당선 직후 사퇴(가와이에게 양보),민회기(1903~05),2 의결직,행정·자치
OH0026,도쿠라 소로쿠,O002,직위,회장대리,회장대리,1905,5-1,『대구민단사』,보조사료 대조 확인,확인,,도쿠히사 사임 후 추대·얼마 후 사임,민회기(1903~05),1 대표직,행정·자치
OH0027,도쿠히사 요네조,O002,직위,회장,민회장,1904~1905,3-2;5-1;26-1,『대구민단사』,보조사료 대조 확인,확인,,1905년 초 이전 사퇴,민회기(1903~05),1 대표직,행정·자치
OH0028,류 고키치,O002,직위,평의원·의원,평의원,1906,42-2,,대구물어 단독 전거,미확인,,보궐선거로 정원 충원 국면에 등장한 평의원,민단 제도화기(1906~07),2 의결직,행정·자치
OH0029,마스다 도라타,O002,직위,평의원·의원,평의원,1904~,3-2;4-1;12-3,『대구민단사』,보조사료 대조 확인,확인,,대구 유일의 논객으로 회고,민회기(1903~05),2 의결직,행정·자치
OH0030,마유미 다다시,O002,직위,평의원·의원,평의원,1904~,3-2;4-1,『대구민단사』,보조사료 대조 확인,확인,,,민회기(1903~05),2 의결직,행정·자치
OH0031,모리나가 소이치,O002,직위,평의원·의원,평의원,1904~,3-2;4-1,『대구민단사』,보조사료 대조 확인,확인,,,민회기(1903~05),2 의결직,행정·자치
OH0032,미와 조테쓰,O002,직위,평의원·의원,평의원,1904~,3-2,『대구민단사』,보조사료 대조 확인,확인,,,민회기(1903~05),2 의결직,행정·자치
OH0033,사카이 만지로,O002,직위,평의원·의원,민회의원,1906,35-1,『대구민단사』,보조사료 대조 확인,확인,,최초의 민회의원; 후지이에서 개명,민단 제도화기(1906~07),2 의결직,행정·자치
OH0034,스다 산페이,O002,직위,평의원·의원,평의원,1904~,3-2,『대구민단사』,보조사료 대조 확인,확인,,,민회기(1903~05),2 의결직,행정·자치
OH0035,스즈키 히사지로,O002,직위,평의원·의원,평의원,1904~,3-2,,대구물어 단독 전거,미확인,,,민회기(1903~05),2 의결직,행정·자치
OH0036,시라타 신스케,O002,직위,평의원·의원,평의원,1904~,3-2;4-1,『대구민단사』,보조사료 대조 확인,확인,,당시 29세,민회기(1903~05),2 의결직,행정·자치
OH0037,시모다 고키치,O002,직위,평의원·의원,평의원,1904~,3-2,『대구민단사』,보조사료 대조 확인,확인,,,민회기(1903~05),2 의결직,행정·자치
OH0038,쓰지 소노지로,O002,직위,평의원·의원,평의원,1904~,3-2;4-1,,대구물어 단독 전거,미확인,,당시 22세,민회기(1903~05),2 의결직,행정·자치
OH0039,아카호시 조조,O002,직위,평의원·의원,평의원,1906,42-2,,대구물어 단독 전거,미확인,,보궐선거로 정원 충원 국면에 등장한 평의원,민단 제도화기(1906~07),2 의결직,행정·자치
OH0040,오구라 다케노스케,O002,직위,평의원·의원,평의원 당선,1905,24-3;25-1,『대구민단사』,보조사료 대조 확인,확인,,보궐선거 최다 득표(48표),민회기(1903~05),2 의결직,행정·자치
OH0041,오카다 기하치,O002,직위,평의원·의원,평의원(오카다 지로),1904~,3-2;4-2,,대구물어 단독 전거,미확인,,병합맵 적용(오카다 지로→오카다 기하치),민회기(1903~05),2 의결직,행정·자치
OH0042,오쿠보 하지메,O002,직위,평의원·의원,평의원,1904~,3-2,,대구물어 단독 전거,미확인,,,민회기(1903~05),2 의결직,행정·자치
OH0043,오키타 도시타로,O002,직위,의장,의장,1906,25-2,,대구물어 단독 전거,미확인,,,민단 제도화기(1906~07),1 대표직,행정·자치
OH0044,오키타 도시타로,O002,직위,평의원·의원,평의원,1906,42-2,,대구물어 단독 전거,미확인,,보궐선거로 정원 충원 국면에 등장한 평의원,민단 제도화기(1906~07),2 의결직,행정·자치
OH0045,요시키 도시조,O002,직위,평의원·의원,평의원,1904~,3-2,『대구민단사』,보조사료 대조 확인,확인,,,민회기(1903~05),2 의결직,행정·자치
OH0046,우치다 로쿠로,O002,직위,평의원·의원,평의원,1904~,3-2;4-1,,대구물어 단독 전거,미확인,,당시 26세,민회기(1903~05),2 의결직,행정·자치
OH0047,이나가키 시게미치,O002,직위,평의원·의원,평의원,1906,42-2,,대구물어 단독 전거,미확인,,보궐선거로 정원 충원 국면에 등장한 평의원,민단 제도화기(1906~07),2 의결직,행정·자치
OH0048,이노 히데스케,O002,직위,부회장,부회장,1904~,3-2;4-1,『대구민단사』,보조사료 대조 확인,확인,,당시 24세,민회기(1903~05),1 대표직,행정·자치
OH0049,이노우에 쓰네나오,O002,직위,의장,의장,1904~,3-2;4-1,『대구민단사』,보조사료 대조 확인,확인,,당시 56세,민회기(1903~05),1 대표직,행정·자치
OH0050,하타모토 기헤이,O002,직위,기타,민회 서기(수석 서기),1904~,25-2;26-1,『대구민단사』,보조사료 대조 확인,확인,,1904-10 도쿠히사 회장 초빙으로 취임,민회기(1903~05),3 집행간부·사무회계직,행정·자치
OH0051,히자쓰키 마스키치,O002,직위,평의원·의원,평의원 당선,1905,25-1,,대구물어 단독 전거,미확인,,,민회기(1903~05),2 의결직,행정·자치
OH0052,가게야마 히데키,O003,직위,기타,대리민장,1906,55-3;56-2;56-3;59-2;71-1;84-3;91-2;85-3,『대구민단사』,보조사료 대조 확인,확인,,도로위원회 규정 제정·위원 12명 위촉 | 1906-12-24 당선·1907-12 민회 불신임으로 퇴진(60-4) | 1907-12-15 사임(86-2)·불신임안 제출(85-3) | 와타나베 이전의 민장으로 언급 | 불신임 결의로 사표 제출·1907년 말 17일 대구 떠남; 1908 재선 시도는 불발,민단 제도화기(1906~07),1 대표직,행정·자치
OH0053,가게야마 히데키,O003,직위,회장대리,대리민장,1906-11~,53-3,『대구민단사』,보조사료 대조 확인,확인,,1906-11-01 민단법 실시일 이사관 직권 임명,민단 제도화기(1906~07),1 대표직,행정·자치
OH0054,가와이 아사오,O003,직위,평의원·의원,민회의원,1906,59-1;82-4;87-2;86-4;87-4,『대구민단사』,보조사료 대조 확인,확인,,반대파 유일 당선·7일 만인 12-27 사퇴(60-3) | '나'=저자 — 1906-12-27 사임 | 1908-02 보궐선거 후 의석 명단(재취임) | 1908-02-05 당선; 민장선거 긴급동의 제안,민단 제도화기(1906~07),2 의결직,행정·자치
OH0055,가토 이치로,O003,직위,평의원·의원,의원,1908~1910,99-1,『대구민단사』,보조사료 대조 확인,확인,,1908-12-21 정기선거 당선,확장기(1908~10),2 의결직,행정·자치
OH0056,고우라 도노마루,O003,직위,기타,구장(제6구 대표),1907~,79-1,,대구물어 단독 전거,미확인,,본문표기 고라 도노마루(高羅殿丸),민단 제도화기(1906~07),1 대표직,행정·자치
OH0057,구로카와 엔지,O003,직위,평의원·의원,의원,1908~1910,99-1,『대구민단사』,보조사료 대조 확인,확인,,1908-12-21 정기선거 당선,확장기(1908~10),2 의결직,행정·자치
OH0058,기도 다다지로,O003,직위,평의원·의원,민회의원,1906~1907,59-1;71-1;82-4;85-3,『대구민단사』,보조사료 대조 확인,확인,,1907-12-16 사임 | 조금 늦은 19일 사임,민단 제도화기(1906~07),2 의결직,행정·자치
OH0059,기무라 다케타로,O003,직위,기타,구장(제1구 대표),1907~,79-1,,대구물어 단독 전거,미확인,구장 직위는 민단사 미기재로 재판정(사용자 확인 2026-07-27). 근거절 79-1 구장 13건 전부 미확인,구제 실시 13구 명부,민단 제도화기(1906~07),1 대표직,행정·자치
OH0060,기쿠치,O003,직위,기타,민장,1911,79-2,『대구민단사』,보조사료 대조 확인,확인,기쿠치 겐조와 동일인물. 민장과 거류민단장 동일 호칭,성만 표기 — 동정 불확실(기쿠치 겐조 가능성 있으나 미확정),시기외,1 대표직,행정·자치
OH0061,기쿠치 겐조,O003,직위,기타,거류민단장,,45-1;90-3,『대구민단사』,보조사료 대조 확인,확인,,후일 취임 | 후일 민장(1913 세제개정안 공표 무렵); 원문 표기 기쿠치 겐조(菊池謙譲),,1 대표직,행정·자치
OH0062,나카에 고로헤이,O003,직위,의장,의장,1906~,59-2;82-4,『대구민단사』,보조사료 대조 확인,확인,,제1회 민회에서 9표로 당선 | 1907-10-28 사임,민단 제도화기(1906~07),1 대표직,행정·자치
OH0063,나카에 고로헤이,O003,직위,평의원·의원,민회의원,1906~1907,59-1;71-1,『대구민단사』,보조사료 대조 확인,확인,,,민단 제도화기(1906~07),2 의결직,행정·자치
OH0064,나카자와 덴노스케,O003,직위,평의원·의원,민회의원,1906,59-1;82-4,,대구물어 단독 전거,미확인,,1906-12-27 이와세·가와이와 동반 사퇴(60-3) | 1906-12-27 사임,민단 제도화기(1906~07),2 의결직,행정·자치
OH0065,니시모토 민조,O003,직위,평의원·의원,민회의원,1906,59-1;82-4,,대구물어 단독 전거,미확인,,당선 수락 거부·직후 사퇴,민단 제도화기(1906~07),2 의결직,행정·자치
OH0066,니시자와 사토루,O003,직위,기타,구장(제9구 대표),1907~,79-1,,대구물어 단독 전거,미확인,,본문표기 니시자와 사토시(西澤智),민단 제도화기(1906~07),1 대표직,행정·자치
OH0067,니시자와 사토루,O003,직위,평의원·의원,민회의원,1908~,87-2;89-3;86-4,『대구민단사』,보조사료 대조 확인,확인,,1908-02 보궐선거 후 의석 명단 | 소명요구서 기안자 | 1908-02-05 보궐선거 당선; 소명요구서 기안자,확장기(1908~10),2 의결직,행정·자치
OH0068,도쿠라,O003,직위,기타,조역,1907~1908,86-1,『대구민단사』,보조사료 대조 확인,확인,도쿠라 소로쿠와 동일인,성만 표기 — 도쿠라 소로쿠/도쿠라 기이치 중 미상·사표 보류 후 1908-02 예산편성(87-1),민단 제도화기(1906~07),1 대표직,행정·자치
OH0069,도쿠라 소로쿠,O003,직위,기타,대리조역 겸 회계,1906-11~,53-3;59-2;71-1;108-4,『대구민단사』,보조사료 대조 확인,확인,,1906-02 민단성립부터 재임; 1909-03-27 사임 승인·위로금 230원,민단 제도화기(1906~07),1 대표직,행정·자치
OH0070,마스다 도라타,O003,직위,기타,구장(제12구 대표),1907~,79-1,,대구물어 단독 전거,미확인,,,민단 제도화기(1906~07),1 대표직,행정·자치
OH0071,마스다 도라타,O003,직위,의장,민회의장,1908~1910,12-3;99-2,『대구민단사』,보조사료 대조 확인,확인,민단사와 대구물어의 인본인 인명 표기방식이 다름. 한자로 동일인 판결,"훗날 역임(시기 본문 미상) | 9표로 당선, 오구라와 1년 교대 합의였으나 2년 임기 완수",확장기(1908~10),1 대표직,행정·자치
OH0072,마스다 도라타,O003,직위,평의원·의원,민회의원,1906~1907,59-1;71-1;82-4;89-3;99-1;88-5,『대구민단사』,보조사료 대조 확인,확인,,초기 당선자 중 임기 완수 | 소명요구서 제안·기안자(본문 표기 마스다) | 1908-12-21 정기선거 당선 | 민장불인가 문제 소론 3회; 소명요구서 제안·기안,민단 제도화기(1906~07),2 의결직,행정·자치
OH0073,마쓰모토 세이이치,O003,직위,평의원·의원,민회의원,1908~,87-2;86-4,『대구민단사』,보조사료 대조 확인,확인,,본문표기 마쓰모토 세이치 — 1908 의석 명단 | 1908-02-05 당선(원문 표기 마쓰모토 세이치),확장기(1908~10),2 의결직,행정·자치
OH0074,마쓰무라 다이스케,O003,직위,평의원·의원,의원,1908~1910,99-1,『대구민단사』,보조사료 대조 확인,확인,,1908-12-21 정기선거 당선,확장기(1908~10),2 의결직,행정·자치
OH0075,마유미 다다시,O003,직위,평의원·의원,민회의원,1908~,87-2;86-4,『대구민단사』,보조사료 대조 확인,확인,,1908-02 보궐선거 후 의석 명단 | 1908-02-05 보궐선거 당선,확장기(1908~10),2 의결직,행정·자치
OH0076,모리나가 소이치,O003,직위,기타,수석서기,1907~1908,86-1,,대구물어 단독 전거,미확인,,민장 겸 조역 겸 회계역 겸 서기 격으로 사무 총괄,민단 제도화기(1906~07),3 집행간부·사무회계직,행정·자치
OH0077,미와 야키치,O003,직위,기타,구장(제7구 대표),1907~,79-1,,대구물어 단독 전거,미확인,,,민단 제도화기(1906~07),1 대표직,행정·자치
OH0078,미카지리 다케사부로,O003,직위,평의원·의원,민회의원,1906~,59-1;82-4,,대구물어 단독 전거,미확인,,1907-03 직원록(71-1)에는 미기재 | 1907-02 집안 형편으로 사임,민단 제도화기(1906~07),2 의결직,행정·자치
OH0079,미카지리 주고,O003,직위,평의원·의원,민회의원,1913~,90-3,『대구민단사』,보조사료 대조 확인,확인,,1913-01-30 출마·당선(세제개정안 반대 목적),시기외,2 의결직,행정·자치
OH0080,사이토 요시조,O003,직위,기타,구장(제10구 대표),1907~,79-1,,대구물어 단독 전거,미확인,,,민단 제도화기(1906~07),1 대표직,행정·자치
OH0081,사이토 요시조,O003,직위,평의원·의원,민회의원(보궐),1907~,63-1;71-1,『대구민단사』,보조사료 대조 확인,확인,,1907-01-20 보궐 당선,민단 제도화기(1906~07),2 의결직,행정·자치
OH0082,사카이 만지로,O003,직위,평의원·의원,민회의원,1906~1907,59-1;71-1;82-4;99-1,『대구민단사』,보조사료 대조 확인,확인,,원문 후지이 만지로(병합맵 적용) | 초기 당선자 중 임기 완수 | 1908-12-21 정기선거 당선,민단 제도화기(1906~07),2 의결직,행정·자치
OH0083,사키사카 쇼키치,O003,직위,기타,구장(제4구 대표),1907~,79-1,,대구물어 단독 전거,미확인,민회 의원 기록은 민단사에서 확인,,민단 제도화기(1906~07),1 대표직,행정·자치
OH0084,스기하라 신키치,O003,직위,기타,구장(제5구 대표),1907~,79-1,,대구물어 단독 전거,미확인,,,민단 제도화기(1906~07),1 대표직,행정·자치
OH0085,스기하라 신키치,O003,직위,평의원·의원,민회의원,1906~1907,59-1;71-1;82-4;85-3,『대구민단사』,보조사료 대조 확인,확인,,1907-12-16 사임 | 가게야마 사퇴에 결속하여 16일 사표 제출,민단 제도화기(1906~07),2 의결직,행정·자치
OH0086,스다 산페이,O003,직위,평의원·의원,민회의원,1906~1907,59-1;71-1;82-4,『대구민단사』,보조사료 대조 확인,확인,,1907-12-16 사임,민단 제도화기(1906~07),2 의결직,행정·자치
OH0087,시모다 고키치,O003,직위,평의원·의원,민회의원,1906~1907,59-1;71-1;82-4;85-3,『대구민단사』,보조사료 대조 확인,확인,,1907-12-16 사임 | 가게야마 사퇴에 결속하여 16일 사표 제출(원문 표기 시모타 고키치),민단 제도화기(1906~07),2 의결직,행정·자치
OH0088,시부사와 슈조,O003,직위,평의원·의원,민회의원,1908~,87-2;89-3;86-4,『대구민단사』,보조사료 대조 확인,확인,,1908-02 보궐선거 후 의석 명단 | 소명요구서 제안에 반대 | 1908-02-05 당선; 소명 상신 반대,확장기(1908~10),2 의결직,행정·자치
OH0089,아사노 세이치,O003,직위,의장,의장,1908~,87-3;95-2;87-4,『대구민단사』,보조사료 대조 확인,확인,민단사에 마노 세이치로 기록,의장선거 당선 | 신문 합병 조정에 진력 | 민회 의장으로 개회 선언,확장기(1908~10),1 대표직,행정·자치
OH0090,아사노 세이치,O003,직위,평의원·의원,민회의원,1908~,87-2;86-4,『대구민단사』,보조사료 대조 확인,확인,,1908-02 보궐선거 후 의석 명단 | 1908-02-05 보궐선거 당선,확장기(1908~10),2 의결직,행정·자치
OH0091,아오키 시게노부,O003,직위,평의원·의원,민회의원,1908~,87-2;89-3;99-1;86-4;87-4,『대구민단사』,보조사료 대조 확인,확인,,1908-02 보궐선거 후 의석 명단 | 소명요구서 제안에 반대 | 1908-12-21 정기선거 당선 | 1908-02-05 당선; 3-3 민회 결석; 소명 상신 반대,확장기(1908~10),2 의결직,행정·자치
OH0092,야스마쓰 구마키치,O003,직위,평의원·의원,민회의원(보궐),1907~,63-1;71-1;85-1;99-1,『대구민단사』,보조사료 대조 확인,확인,,1907-01-20 보궐 당선 | 1907년말 재적 8명 명부·1908 의석 명단(87-2) | 1908-12-21 정기선거 당선,민단 제도화기(1906~07),2 의결직,행정·자치
OH0093,오구라 다케노스케,O003,직위,의장,의장,1907~,82-4;99-2,『대구민단사』,보조사료 대조 확인,확인,,1907-11-29 당선(85-1에는 11-28로 기재) | 지난 임기 중 사임했다고 언급,민단 제도화기(1906~07),1 대표직,행정·자치
OH0094,오구라 다케노스케,O003,직위,평의원·의원,민회의원(보궐),1907~,63-1;71-1;99-1;85-3,『대구민단사』,보조사료 대조 확인,확인,,1907-01-20 보궐 당선 | 1908-12-21 정기선거 당선 | 가게야마 사퇴에 결속하여 16일 사표 제출,민단 제도화기(1906~07),2 의결직,행정·자치
OH0095,와타나베 무라오,O003,직위,기타,민장,1908,88-2;91-1;93-2;98-3;87-4;89-3;93-3,『대구민단사』,보조사료 대조 확인,확인,,"1908-03 첫 선출은 불인가, 재선 후 5월 말 취임 | 1908-03-03 건의안 선거로 당선→통감부 불인가→재선 인가·3년 임기 마침",확장기(1908~10),1 대표직,행정·자치
OH0096,와타나베 히스루,O003,직위,평의원·의원,민회 의원,1907~,38-1;63-1;71-1;85-1;99-1,『대구민단사』,보조사료 대조 확인,확인,,한때 재임 | 1907-01-20 보궐 당선 | 1907년말 재적 8명 명부·1908 의석 명단(87-2) | 1908-12-21 정기선거 당선,민단 제도화기(1906~07),2 의결직,행정·자치
OH0097,우에다 겐스케,O003,직위,기타,구장(제3구 대표),1907~,79-1,,대구물어 단독 전거,미확인,민회 의원은 확인,,민단 제도화기(1906~07),1 대표직,행정·자치
OH0098,우치다 로쿠로,O003,직위,기타,구장(제13구 대표),1907~,79-1;99-2,,대구물어 단독 전거,미확인,,,민단 제도화기(1906~07),1 대표직,행정·자치
OH0099,우치다 로쿠로,O003,직위,평의원·의원,의원,1908~1910,99-1,『대구민단사』,보조사료 대조 확인,확인,,1908-12-21 정기선거 당선,확장기(1908~10),2 의결직,행정·자치
OH0100,이나모토 신신,O003,직위,기타,구장(제2구 대표),1907~,79-1,,대구물어 단독 전거,미확인,,,민단 제도화기(1906~07),1 대표직,행정·자치
OH0101,이와세 시즈카,O003,직위,평의원·의원,민회의원,1906,59-1;82-4,『대구민단사』,보조사료 대조 확인,확인,,1906-12-21 당선·12-27 유곽지 문제로 사퇴(60-3) | 1906-12-27 사임,민단 제도화기(1906~07),2 의결직,행정·자치
OH0102,이케우치 시게히라,O003,직위,기타,구장(제8구 대표),1907~,79-1,,대구물어 단독 전거,미확인,,,민단 제도화기(1906~07),1 대표직,행정·자치
OH0103,하야시 진시치,O003,직위,평의원·의원,민회의원,1908~,87-2;99-1;86-4,『대구민단사』,보조사료 대조 확인,확인,,1908-02 보궐선거 후 의석 명단 | 1908-12-21 정기선거 당선 | 1908-02-05 보궐선거 당선,확장기(1908~10),2 의결직,행정·자치
OH0104,후쿠나가 도쿠지로,O003,직위,기타,구장(제11구 대표),1907~,79-1,,대구물어 단독 전거,미확인,민회 의원은 확인,,민단 제도화기(1906~07),1 대표직,행정·자치
OH0105,후쿠치 기사쿠,O003,직위,기타,회계검사위원,1908~,99-2,,대구물어 단독 전거,미확인,,,확장기(1908~10),6 위원직,행정·자치
OH0106,후쿠치 기사쿠,O003,직위,평의원·의원,의원,1908~1910,99-1,『대구민단사』,보조사료 대조 확인,확인,,1908-12-21 정기선거 당선 · 본문 표기 후쿠치 요시사쿠,확장기(1908~10),2 의결직,행정·자치
OH0107,가게야마 히데키,O004,직위,회장,설립위원장,1906,53-1,,대구물어 단독 전거,미대조,,1906-09-20 부이사관 임명; 전 시즈오카 농공은행장,민단 제도화기(1906~07),1 대표직,임시조직
OH0108,도쿠라 소로쿠,O004,직위,기타,회계위원,1906,53-1,,대구물어 단독 전거,미대조,,,민단 제도화기(1906~07),6 위원직,임시조직
OH0109,가미모리 겐자부로,O005,직위,기타,위원,1906~1907,55-3;71-1,,대구물어 단독 전거,미대조,,북문위원,민단 제도화기(1906~07),6 위원직,임시조직
OH0110,가와이 아사오,O005,직위,기타,위원,1906~1907,55-3;71-1,,대구물어 단독 전거,미대조,,남문위원·결의 반대로 퇴장당함,민단 제도화기(1906~07),6 위원직,임시조직
OH0111,나카에 고로헤이,O005,직위,기타,위원,1906~1907,55-3;71-1,,대구물어 단독 전거,미대조,,서문위원,민단 제도화기(1906~07),6 위원직,임시조직
OH0112,도쿠라 소로쿠,O005,직위,기타,위원,1906~1907,55-3;71-1,,대구물어 단독 전거,미대조,,서문위원,민단 제도화기(1906~07),6 위원직,임시조직
OH0113,마스다 도라타,O005,직위,기타,위원,1906~1907,55-3;71-1,,대구물어 단독 전거,미대조,,남문위원·성벽파괴 청부 결의 반대,민단 제도화기(1906~07),6 위원직,임시조직
OH0114,마치다 규고,O005,직위,기타,위원,1906~1907,55-3;71-1,,대구물어 단독 전거,미대조,,북문위원,민단 제도화기(1906~07),6 위원직,임시조직
OH0115,세노 히사타로,O005,직위,기타,위원,1906~1907,55-3;71-1,,대구물어 단독 전거,미대조,,남문위원·결의 반대,민단 제도화기(1906~07),6 위원직,임시조직
OH0116,오구라 다케노스케,O005,직위,기타,위원,1906~1907,55-3;71-1,,대구물어 단독 전거,미대조,,동문위원,민단 제도화기(1906~07),6 위원직,임시조직
OH0117,오쿠보 다사부로,O005,직위,기타,위원,1906~1907,55-3;71-1,,대구물어 단독 전거,미대조,,동문위원,민단 제도화기(1906~07),6 위원직,임시조직
OH0118,요시다 사시치,O005,직위,기타,위원,1906~1907,55-3;71-1,,대구물어 단독 전거,미대조,,북문위원,민단 제도화기(1906~07),6 위원직,임시조직
OH0119,요시다 주이치로,O005,직위,기타,위원,1906~1907,55-3;71-1,,대구물어 단독 전거,미대조,,동문위원,민단 제도화기(1906~07),6 위원직,임시조직
OH0120,이와세 시즈카,O005,직위,기타,위원,1906~1907,55-3;71-1,,대구물어 단독 전거,미대조,,서문위원,민단 제도화기(1906~07),6 위원직,임시조직
OH0121,서상돈,O006,직위,기타,대구시장,1906~1907,67-1,,대구물어 단독 전거,미대조,,시의소 추대·'대구시청' 간판;1907-06까지 존속,민단 제도화기(1906~07),8 행정관직,행정·자치(한국인)
OH0122,가미모리 겐자부로,O007,직위,발기인,창립위원,1906,57-3,『대구민단사』,보조사료 대조 확인,확인,,,민단 제도화기(1906~07),10 발기인,경제
OH0123,가미야 도요나리,O007,직위,발기인,창립위원,1906,57-3,『대구민단사』,보조사료 대조 확인,확인,민단사에는 가미야 도요카쓰로 표기. 하지만 가미야 도요나리,,민단 제도화기(1906~07),10 발기인,경제
OH0124,가와이 아사오,O007,직위,의장,임시 의장,1909,107-3,,대구물어 단독 전거,미확인,,1909-03-21 임시총회 임시 의장 당선,확장기(1908~10),1 대표직,경제
OH0125,가와이 아사오,O007,직위,이사·간사,상치위원,1907~,64-1;71-1,『대구민단사』,보조사료 대조 확인,확인,,,민단 제도화기(1906~07),3 집행간부·사무회계직,경제
OH0126,가와이 아사오,O007,직위,평의원·의원,의원,1907~,64-1;71-1;92-1;107-3,『대구민단사』,보조사료 대조 확인,확인,,반대파로 당선 | 추첨 유임 | 1909-03 반수 임기만료 퇴임 | 초기 당선 반수·1909-03 퇴임(후 재선거 당선) | 1909-03-29 재선거 당선,민단 제도화기(1906~07),2 의결직,경제
OH0127,가토 이치로,O007,직위,기타,선거위원,1909,107-3,『대구민단사』,보조사료 대조 확인,확인,,3-29 재선거 선거위원,확장기(1908~10),6 위원직,경제
OH0128,가토 이치로,O007,직위,평의원·의원,반수개선 당선,1907~,92-1,『대구민단사』,보조사료 대조 확인,확인,,1907-03-09 반수개선 당선,민단 제도화기(1906~07),2 의결직,경제
OH0129,고미야 히코지,O007,직위,기타,임시 사무원,1906,57-3;91-4;107-3,『대구민단사』,보조사료 대조 확인,확인,"서기장 직무대리, 이후 서기장으로 승진",인쇄기·활자 임차 명의 인수 | 본문 성만 표기(小宮)·사표 제출했으나 무책임 결론 | 노사카 계열; 1909-03 사표 제출했으나 불수리,민단 제도화기(1906~07),3 집행간부·사무회계직,경제
OH0130,고우라 도노마루,O007,직위,기타,선거위원,1909,107-3,,대구물어 단독 전거,미확인,,3-29 재선거 선거위원(원문 표기 고라 도노마루),확장기(1908~10),6 위원직,경제
OH0131,구로카와 엔지,O007,직위,평의원·의원,반수개선 당선,1907~,92-1,『대구민단사』,보조사료 대조 확인,확인,,1907-03-09 반수개선 당선,민단 제도화기(1906~07),2 의결직,경제
OH0132,기무라 다케타로,O007,직위,기타,선거위원,1909,107-3,,대구물어 단독 전거,미확인,,3-29 재선거 선거위원,확장기(1908~10),6 위원직,경제
OH0133,기무라 다케타로,O007,직위,평의원·의원,의원,1907~,64-1;71-1;92-1;107-3,『대구민단사』,보조사료 대조 확인,확인,,제1회 선거 당선 | 추첨 퇴임 | 보궐선거 당선,민단 제도화기(1906~07),2 의결직,경제
OH0134,나카에 고로헤이,O007,직위,기타,선거위원,1909,107-3,,대구물어 단독 전거,미확인,,1909-03-20 선거관리회 위원(원문 표기 나카에 고로헤),확장기(1908~10),6 위원직,경제
OH0135,나카에 고로헤이,O007,직위,발기인,창립위원,1906,57-3,『대구민단사』,보조사료 대조 확인,확인,,,민단 제도화기(1906~07),10 발기인,경제
OH0136,나카에 고로헤이,O007,직위,평의원·의원,의원,1907~,64-1;71-1;92-1,『대구민단사』,보조사료 대조 확인,확인,,"제1회 선거 당선 | 추첨 유임, 1907-02 회장 사퇴에 이어 사퇴",민단 제도화기(1906~07),2 의결직,경제
OH0137,나카자와 덴노스케,O007,직위,기타,선거위원,1907,64-1,,대구물어 단독 전거,미확인,,,민단 제도화기(1906~07),6 위원직,경제
OH0138,나카자와 덴노스케,O007,직위,발기인,창립위원,1906,57-3,『대구민단사』,보조사료 대조 확인,확인,,,민단 제도화기(1906~07),10 발기인,경제
OH0139,나카자와 덴노스케,O007,직위,이사·간사,상치위원,1907~,64-1;71-1,『대구민단사』,보조사료 대조 확인,확인,,,민단 제도화기(1906~07),3 집행간부·사무회계직,경제
OH0140,나카자와 덴노스케,O007,직위,평의원·의원,의원,1907~,64-1;71-1;92-1,『대구민단사』,보조사료 대조 확인,확인,,"제1회 선거 당선 | 추첨 유임, 1907-02 회장 사퇴에 이어 사퇴",민단 제도화기(1906~07),2 의결직,경제
OH0141,다무라 도미조,O007,직위,평의원·의원,의원,1907~,64-1;71-1,『대구민단사』,보조사료 대조 확인,확인,,제1회 선거 당선,민단 제도화기(1906~07),2 의결직,경제
OH0142,다케카와 세이지,O007,직위,평의원·의원,특별의원,1907~,92-1;110-1,『대구민단사』,보조사료 대조 확인,확인,,회장 후임으로 천거됨(취임 여부는 본문 미명시),민단 제도화기(1906~07),2 의결직,경제
OH0143,다케카와 세이지,O007,직위,회장,회장,1909,110-1;107-3,『대구민단사』,보조사료 대조 확인,확인,,당선되었으나 제일은행 총지배인 불승낙으로 취임 불발 | 1909-04-01 임원 선출로 회장,확장기(1908~10),1 대표직,경제
OH0144,마스다 도라타,O007,직위,기타,선거위원,1909,107-3,,대구물어 단독 전거,미확인,,1909-03-20 선거관리회 위원; 사태 후 사표,확장기(1908~10),6 위원직,경제
OH0145,마스다 도라타,O007,직위,발기인,창립위원,1906,57-3,『대구민단사』,보조사료 대조 확인,확인,,,민단 제도화기(1906~07),10 발기인,경제
OH0146,마에카와 도모지,O007,직위,이사·간사,상치위원,1909~,110-1;107-3,『대구민단사』,보조사료 대조 확인,확인,,1909-04-12 이사관 인가 | 1909-04-01 선출,확장기(1908~10),3 집행간부·사무회계직,경제
OH0147,마에카와 도모지,O007,직위,평의원·의원,보궐선거 당선,1907~,92-1;107-3,『대구민단사』,보조사료 대조 확인,확인,,1907-03-09 보궐선거 | 1909-03 반수 임기만료 퇴임 | 초기 당선 반수·1909-03 퇴임(후 재선거 당선) | 1909-03-29 재선거 당선,민단 제도화기(1906~07),2 의결직,경제
OH0148,미카지리 주고,O007,소속,,대구상업회의소 대표,1918,90-3,,대구물어 단독 전거,미대조,,만선상업회의소연합회 참석차 이동 중 열차 사고 사망,시기외,,경제
OH0149,사카이 만지로,O007,직위,부회장,부회장,~1909,35-1;107-3,『대구민단사』,보조사료 대조 확인,확인,,1909-03-21 무효투표 책임지고 사퇴 | 선거관리회 사회; 무효투표 사태 책임 사표·1909-03-21 수리,확장기(1908~10),1 대표직,경제
OH0150,사카이 만지로,O007,직위,이사·간사,상치위원,1909~,110-1;107-3,『대구민단사』,보조사료 대조 확인,확인,,1909-04-12 이사관 인가 | 1909-04-01 선출,확장기(1908~10),3 집행간부·사무회계직,경제
OH0151,사카이 만지로,O007,직위,평의원·의원,의원,1907~,35-1;92-1;107-3,『대구민단사』,보조사료 대조 확인,확인,,1907-03-09 반수개선 당선 | 보궐선거 당선,민단 제도화기(1906~07),2 의결직,경제
OH0152,사키사카 쇼키치,O007,직위,기타,선거위원,1909,107-3,,대구물어 단독 전거,미확인,,1909-03-20 선거관리회 위원,확장기(1908~10),6 위원직,경제
OH0153,사토 슈조,O007,직위,기타,선거위원,1909,107-3,,대구물어 단독 전거,미확인,,1909-03-20 선거관리회 위원,확장기(1908~10),6 위원직,경제
OH0154,사토 슈조,O007,직위,평의원·의원,당선자(의원),1909~,107-3,『대구민단사』,보조사료 대조 확인,확인,,1909-03-29 재선거 당선,확장기(1908~10),2 의결직,경제
OH0155,스기하라 신키치,O007,직위,발기인,창립위원,1906,57-3,『대구민단사』,보조사료 대조 확인,확인,,,민단 제도화기(1906~07),10 발기인,경제
OH0156,쓰치야 히코타로,O007,직위,기타,창립위원장,1906,57-3;64-1,『대구민단사』,보조사료 대조 확인,확인,,위원 호선으로 추대 | 제1회 의원선거(1907-01-22),민단 제도화기(1906~07),6 위원직,경제
OH0157,쓰치야 히코타로,O007,직위,발기인,창립위원,1906,57-3,『대구민단사』,보조사료 대조 확인,확인,,,민단 제도화기(1906~07),10 발기인,경제
OH0158,쓰치야 히코타로,O007,직위,평의원·의원,특별의원,1907~,64-1;71-1,『대구민단사』,보조사료 대조 확인,확인,,평의원 호선,민단 제도화기(1906~07),2 의결직,경제
OH0159,아오키 시게노부,O007,직위,부회장,부회장,1907~,64-1;71-1,『대구민단사』,보조사료 대조 확인,확인,,,민단 제도화기(1906~07),1 대표직,경제
OH0160,아오키 시게노부,O007,직위,평의원·의원,의원,1907~,64-1;71-1;92-1,『대구민단사』,보조사료 대조 확인,확인,,제1회 선거 당선 | 추첨 퇴임,민단 제도화기(1906~07),2 의결직,경제
OH0161,야스마쓰 구마키치,O007,직위,발기인,창립위원,1906,57-3,『대구민단사』,보조사료 대조 확인,확인,,원문 야스마쓰 구미키치(구표기),민단 제도화기(1906~07),10 발기인,경제
OH0162,야스마쓰 구마키치,O007,직위,부회장,부회장,1909~,63-1;110-1;107-3,『대구민단사』,보조사료 대조 확인,확인,,'후에 부회장이 되기도' 시기 불명 | 1909-04-12 이사관 인가 | 1909-04-01 임원 선출로 부회장,확장기(1908~10),1 대표직,경제
OH0163,야스마쓰 구마키치,O007,직위,평의원·의원,의원,1907~,64-1;71-1;92-1;107-3,『대구민단사』,보조사료 대조 확인,확인,,제1회 선거 당선 | 추첨 퇴임 | 1907-03-09 보궐선거 | 1909-03 반수 임기만료 퇴임 | 초기 당선 반수·1909-03 퇴임(후 재선거 당선) | 1909-03-29 재선거 당선,민단 제도화기(1906~07),2 의결직,경제
OH0164,오구라 다케노스케,O007,직위,기타,선거위원,1907,64-1,,대구물어 단독 전거,미확인,,,민단 제도화기(1906~07),6 위원직,경제
OH0165,오구라 다케노스케,O007,직위,평의원·의원,의원(퇴임),~1907,92-1,『대구민단사』,보조사료 대조 확인,확인,,추첨 퇴임,민단 제도화기(1906~07),2 의결직,경제
OH0166,오노 미네지로,O007,직위,이사·간사,상치위원,1907~,64-1;71-1;110-1;107-3,『대구민단사』,보조사료 대조 확인,확인,,1909-04-12 이사관 인가 | 1909-04-01 선출,민단 제도화기(1906~07),3 집행간부·사무회계직,경제
OH0167,오노 미네지로,O007,직위,평의원·의원,의원,1907~,64-1;71-1;92-1;107-3,『대구민단사』,보조사료 대조 확인,확인,,제1회 선거 당선 | 추첨 퇴임 | 1907-03-09 보궐선거 | 1909-03 반수 임기만료 퇴임 | 초기 당선 반수·1909-03 퇴임(후 재선거 당선) | 1909-03-29 재선거 당선,민단 제도화기(1906~07),2 의결직,경제
OH0168,오자키 시즈오,O007,직위,이사·간사,상치위원,1909~,110-1;107-3,『대구민단사』,보조사료 대조 확인,확인,,1909-04-12 이사관 인가 | 1909-04-01 선출,확장기(1908~10),3 집행간부·사무회계직,경제
OH0169,오자키 시즈오,O007,직위,평의원·의원,당선자(의원),1909~,107-3,『대구민단사』,보조사료 대조 확인,확인,,1909-03-29 재선거 당선; 후일 요시무라 시즈오로 개명,확장기(1908~10),2 의결직,경제
OH0170,오키타 스테지로,O007,직위,기타,임시 사무주임,1906,57-3,『대구민단사』,보조사료 대조 확인,확인,,촉탁,민단 제도화기(1906~07),3 집행간부·사무회계직,경제
OH0171,오키타 스테지로,O007,직위,발기인,창립위원,1906,57-3,『대구민단사』,보조사료 대조 확인,확인,,,민단 제도화기(1906~07),10 발기인,경제
OH0172,와카바야시 세이스케,O007,직위,이사·간사,상치위원,1907~,64-1;71-1,『대구민단사』,보조사료 대조 확인,확인,,,민단 제도화기(1906~07),3 집행간부·사무회계직,경제
OH0173,와카바야시 세이스케,O007,직위,평의원·의원,의원,1907~,64-1;71-1,『대구민단사』,보조사료 대조 확인,확인,,제1회 선거 당선,민단 제도화기(1906~07),2 의결직,경제
OH0174,와케 헤이지로,O007,직위,평의원·의원,반수개선 당선,1907~,92-1,,대구물어 단독 전거,미확인,,1907-03-09 반수개선 당선 · 본문 표기 와키 헤이지로,민단 제도화기(1906~07),2 의결직,경제
OH0175,와타나베 히스루,O007,직위,기타,서기장,,38-1,,대구물어 단독 전거,미확인,,후에 재임,,3 집행간부·사무회계직,경제
OH0176,와타나베 히스루,O007,직위,발기인,창립위원,1906,57-3,『대구민단사』,보조사료 대조 확인,확인,,,민단 제도화기(1906~07),10 발기인,경제
OH0177,와타나베 히스루,O007,직위,평의원·의원,의원,1907~,64-1;71-1;92-1;107-3,『대구민단사』,보조사료 대조 확인,확인,,반대파로 당선 | 추첨 유임 | 1909-03 반수 임기만료 퇴임 | 초기 당선 반수·1909-03 퇴임,민단 제도화기(1906~07),2 의결직,경제
OH0178,와타나베 히스루,O007,직위,회장,회장,1909,107-3,『대구민단사』,보조사료 대조 확인,확인,,회장 결원 보궐선거 당선 | 회장 결원 보궐선거 당선; 4-1 다케카와 선출로 단기 재임,확장기(1908~10),1 대표직,경제
OH0179,요시다 사시치,O007,직위,평의원·의원,의원(유임),1906~,92-1;107-3,『대구민단사』,보조사료 대조 확인,확인,,추첨 유임 | 1909-03 반수 임기만료 퇴임 | 초기 당선 반수·1909-03 정기선거로 퇴임,민단 제도화기(1906~07),2 의결직,경제
OH0180,우에다 겐스케,O007,직위,평의원·의원,반수개선 당선,1907~,92-1,『대구민단사』,보조사료 대조 확인,확인,,1907-03-09 반수개선 당선,민단 제도화기(1906~07),2 의결직,경제
OH0181,이노 히데스케,O007,직위,발기인,창립위원,1906,57-3,『대구민단사』,보조사료 대조 확인,확인,,,민단 제도화기(1906~07),10 발기인,경제
OH0182,이노우에 다쓰지로,O007,직위,평의원·의원,의원,1907~,64-1;71-1;92-1,『대구민단사』,보조사료 대조 확인,확인,,제1회 선거 당선 | 추첨 퇴임 · 사망,민단 제도화기(1906~07),2 의결직,경제
OH0183,이노우에 소노스케,O007,직위,기타,서기장,1907~,64-2,『대구민단사』,보조사료 대조 확인,확인,,부산상업회의소 서기 출신;기성회 부정 사건으로 문책(70-3),민단 제도화기(1906~07),3 집행간부·사무회계직,경제
OH0184,이와세 시즈카,O007,직위,기타,선거위원,1907,64-1;107-3,,대구물어 단독 전거,미확인,,3-29 재선거 선거위원,민단 제도화기(1906~07),6 위원직,경제
OH0185,이와세 시즈카,O007,직위,발기인,창립위원,1906,57-3,『대구민단사』,보조사료 대조 확인,확인,,1906-12-07 오카모토 부이사관 임명,민단 제도화기(1906~07),10 발기인,경제
OH0186,이와세 시즈카,O007,직위,평의원·의원,의원,1907~,64-1;71-1;92-1,『대구민단사』,보조사료 대조 확인,확인,,제1회 선거 당선 | 추첨 유임,민단 제도화기(1906~07),2 의결직,경제
OH0187,이와세 시즈카,O007,직위,회장,회장,1906~1907,64-1;70-3;62-2;92-1,『대구민단사』,보조사료 대조 확인,확인,,특례 적용:설립(1906)~1907-02-10 사퇴;70-3은 기성회 사건 후 사직으로 서술 | 특례 적용:복귀 시기 불명~1909년경;일본철도협회 일행 환영 당시 회장 | 1907-02-10 사표 제출(특례 확정 구간 1: 설립~1907-02-10),민단 제도화기(1906~07),1 대표직,경제
OH0188,이즈미 스에지,O007,직위,기타,선거위원,1907,64-1,,대구물어 단독 전거,미확인,,,민단 제도화기(1906~07),6 위원직,경제
OH0189,이즈미 스에지,O007,직위,발기인,창립위원,1906,57-3,『대구민단사』,보조사료 대조 확인,확인,,,민단 제도화기(1906~07),10 발기인,경제
OH0190,이즈미 스에지,O007,직위,평의원·의원,특별의원,1907~,64-1;71-1;92-1,『대구민단사』,보조사료 대조 확인,확인,,평의원 호선 | 다케카와가 뒤를 이음,민단 제도화기(1906~07),2 의결직,경제
OH0191,후쿠나가 도쿠지로,O007,직위,기타,선거위원,1909,107-3,,대구물어 단독 전거,미확인,,3-29 재선거 선거위원,확장기(1908~10),6 위원직,경제
OH0192,후쿠나가 도쿠지로,O007,직위,평의원·의원,반수개선 당선,1907~,92-1,『대구민단사』,보조사료 대조 확인,확인,,1907-03-09 반수개선 당선,민단 제도화기(1906~07),2 의결직,경제
OH0193,가와이 아사오,O009,소속,,주주(10주),1906~,46-1,,대구물어 단독 전거,미대조,,가명 최영옥 명의,민단 제도화기(1906~07),,경제
OH0194,고야마 시치로,O009,직위,기타,서기,1907,71-1,,대구물어 단독 전거,미대조,,,민단 제도화기(1906~07),3 집행간부·사무회계직,경제
OH0195,고즈마 도시히데,O009,직위,기타,서기,1907,71-1,,대구물어 단독 전거,미대조,,,민단 제도화기(1906~07),3 집행간부·사무회계직,경제
OH0196,쓰치야 히코타로,O009,직위,지배인,지배인,1906~1907,46-1;62-2;70-1;71-1;92-1,,대구물어 단독 전거,미대조,,법학사; 1907년 한국을 떠남 | 1907-06 경질·의주 전임 | 1906-11 평양 전임,민단 제도화기(1906~07),4 상업·경영직,경제
OH0197,이병학,O009,직위,사장,은행장,,46-2,,대구물어 단독 전거,미대조,,이석진 후임; 조선식산은행 전환까지 근무(경상농공은행 O010 시기 포함),,4 상업·경영직,경제
OH0198,이석진,O009,직위,사장,은행장,1906~,46-1;46-2,,대구물어 단독 전거,미대조,,은행장 추대; 3기 연속 재임,민단 제도화기(1906~07),4 상업·경영직,경제
OH0199,이시이 미쓰오,O009,직위,지배인,지배인,1907~1908,46-1;70-1;92-1;98-3,,대구물어 단독 전거,미대조,,재임 1년 정도 | 쓰치야 전임 후 부임 | 쓰치야 후임,민단 제도화기(1906~07),4 상업·경영직,경제
OH0200,이와세 시즈카,O009,소속,,주주,1906~,46-1,,대구물어 단독 전거,미대조,,가명 서정돈(徐正敦) 명의로 다수 보유,민단 제도화기(1906~07),,경제
OH0201,야스카와 와사부로,O010,직위,지배인,지배인,1909~,107-3,,대구물어 단독 전거,미대조,,이시이 미쓰오 후임,확장기(1908~10),4 상업·경영직,경제
OH0202,이시이 미쓰오,O010,직위,지배인,지배인,~1909,107-3,,대구물어 단독 전거,미대조,,1909-03 한성공동창고주식회사로 전출,확장기(1908~10),4 상업·경영직,경제
OH0203,고야마 시치로,O012,직위,기타,서기,1906,46-2,,대구물어 단독 전거,미대조,,,민단 제도화기(1906~07),3 집행간부·사무회계직,경제
OH0204,다케카와 세이지,O012,직위,지배인,지점장,1907~,92-1;98-3,,대구물어 단독 전거,미대조,,"이즈미 스에지 후임, 군산지점장에서 전임",민단 제도화기(1906~07),4 상업·경영직,경제
OH0205,오우라 다스케,O012,직위,기타,서기,1907,71-1,,대구물어 단독 전거,미대조,,,민단 제도화기(1906~07),3 집행간부·사무회계직,경제
OH0206,이즈미 스에지,O012,직위,기타,주임,1907,71-1,,대구물어 단독 전거,미대조,,,민단 제도화기(1906~07),3 집행간부·사무회계직,경제
OH0207,이즈미 스에지,O012,직위,지배인,주임,1906,46-2;92-1,,대구물어 단독 전거,미대조,,1907-01 부산 전임,민단 제도화기(1906~07),4 상업·경영직,경제
OH0208,가와이 아사오,O013,직위,기타,영업주임,1906,14-1;14-2,,대구물어 단독 전거,미대조,,대구해륙물산 개칭 무렵 초빙·1년 미만 재직 후 사임,민단 제도화기(1906~07),3 집행간부·사무회계직,경제
OH0209,기리오카 긴조,O013,직위,발기인,설립,1905,14-1,,대구물어 단독 전거,미대조,,,민회기(1903~05),10 발기인,경제
OH0210,나카무라 도시마쓰,O013,직위,기타,이사장,1905~,14-1,,대구물어 단독 전거,미대조,,,민회기(1903~05),1 대표직,경제
OH0211,나카무라 도시마쓰,O013,직위,발기인,설립,1905,14-1,,대구물어 단독 전거,미대조,,부산 거주,민회기(1903~05),10 발기인,경제
OH0212,도쿠라 소로쿠,O013,직위,발기인,설립,1905,14-1,,대구물어 단독 전거,미대조,,,민회기(1903~05),10 발기인,경제
OH0213,도쿠라 소로쿠,O013,직위,지배인,지배인,1905~,14-1,,대구물어 단독 전거,미대조,,,민회기(1903~05),4 상업·경영직,경제
OH0214,오타 가쓰사부로,O013,직위,발기인,설립,1905,14-1,,대구물어 단독 전거,미대조,,삼량진 거주,민회기(1903~05),10 발기인,경제
OH0215,이노우에 쓰네나오,O013,직위,발기인,설립(이노우에 쓰네타다),1905,14-1,,대구물어 단독 전거,미대조,,구표기 적용,민회기(1903~05),10 발기인,경제
OH0216,이노우에 쓰네나오,O013,직위,이사·간사,감사 겸 회계주임,1905~,14-1,,대구물어 단독 전거,미대조,,,민회기(1903~05),3 집행간부·사무회계직,경제
OH0217,가와이 아사오,O014,소속,,특약점(조합원),1905~1909,38-1,,대구물어 단독 전거,미대조,,1909년경 특약점 명의를 우치다 로쿠로에게 양도,민회기(1903~05),,경제
OH0218,가와이 아사오,O014,직위,발기인,조합 결성 주도,1905,38-1,,대구물어 단독 전거,미대조,,와타나베와 함께 조합 조직 발의·결성,민회기(1903~05),10 발기인,경제
OH0219,와타나베 히스루,O014,소속,,설립의 사명을 띠고 도한,1905~,63-2,,대구물어 단독 전거,미대조,,직명 없는 설립 관여 서술(경계 사례),민회기(1903~05),,경제
OH0220,와타나베 히스루,O014,직위,발기인,조합 결성 주도,1905,38-1,,대구물어 단독 전거,미대조,,석유 관련 사명을 갖고 대구 진출,민회기(1903~05),10 발기인,경제
OH0221,우치다 로쿠로,O014,소속,,특약점(양수),1909~,38-1,,대구물어 단독 전거,미대조,,현재 대리점의 중견,확장기(1908~10),,경제
OH0222,가와이 아사오,O015,직위,발기인,조직 주도,1905,29-1,,대구물어 단독 전거,미대조,,1년 미만 해산,민회기(1903~05),10 발기인,경제
OH0223,곤도 렌페이,O016,소속,,출자자,1906,42-3,,대구물어 단독 전거,미대조,,,민단 제도화기(1906~07),,경제
OH0224,오구라 다케노스케,O016,직위,기타,경영,1909,109-2,,대구물어 단독 전거,미대조,,'오구라 다케노스케 등이 경영하는 한국제연회사',확장기(1908~10),4 상업·경영직,경제
OH0225,오구라 다케노스케,O016,직위,발기인,조직(출자자 규합),1906,42-3,,대구물어 단독 전거,미대조,,곤도 렌페이 등 출자자를 모아 조직,민단 제도화기(1906~07),10 발기인,경제
OH0226,나카하라 후사이치,O017,직위,이사·간사,이사(取締役),1907~,66-2,,대구물어 단독 전거,미대조,,,민단 제도화기(1906~07),3 집행간부·사무회계직,경제
OH0227,모리모토 마사타로,O017,직위,지배인,지배인,1907~,66-2,,대구물어 단독 전거,미대조,,훗날 후지상회 개업,민단 제도화기(1906~07),4 상업·경영직,경제
OH0228,미와 야키치,O017,직위,이사·간사,이사(取締役),1907~,66-2,,대구물어 단독 전거,미대조,,,민단 제도화기(1906~07),3 집행간부·사무회계직,경제
OH0229,스다 산페이,O017,직위,기타,감사역,1907~,66-2,,대구물어 단독 전거,미대조,,,민단 제도화기(1906~07),3 집행간부·사무회계직,경제
OH0230,시부사와 슈조,O017,직위,이사·간사,이사(取締役),1907~,66-2,,대구물어 단독 전거,미대조,,,민단 제도화기(1906~07),3 집행간부·사무회계직,경제
OH0231,야마다 야헤이지,O017,직위,기타,감사역,1907~,66-2,,대구물어 단독 전거,미대조,,,민단 제도화기(1906~07),3 집행간부·사무회계직,경제
OH0232,이와세 시즈카,O017,직위,사장,사장이사(社長取締役),1907~,66-2,,대구물어 단독 전거,미대조,,1907-06 설립,민단 제도화기(1906~07),4 상업·경영직,경제
OH0233,후쿠치 기사쿠,O017,직위,이사·간사,상무이사,1907~,66-2,,대구물어 단독 전거,미대조,,원문 후쿠치 요시사쿠,민단 제도화기(1906~07),3 집행간부·사무회계직,경제
OH0234,나가에 후쿠조,O019,직위,평의원·의원,평의원,1907,53-3;71-1,,대구물어 단독 전거,미대조,,,민단 제도화기(1906~07),2 의결직,경제
OH0235,나카하라 후사이치,O019,직위,회장,회장,1907,53-3;66-3;71-1,,대구물어 단독 전거,미대조,,,민단 제도화기(1906~07),1 대표직,경제
OH0236,스다 산페이,O019,직위,평의원·의원,평의원,1907,53-3;71-1,,대구물어 단독 전거,미대조,,,민단 제도화기(1906~07),2 의결직,경제
OH0237,야기 마쓰다로,O019,직위,평의원·의원,평의원,1907,53-3;71-1,,대구물어 단독 전거,미대조,,,민단 제도화기(1906~07),2 의결직,경제
OH0238,야마다 시게루,O019,직위,평의원·의원,평의원,1907,53-3;71-1,,대구물어 단독 전거,미대조,,,민단 제도화기(1906~07),2 의결직,경제
OH0239,요시다 주이치로,O019,직위,평의원·의원,평의원,1907,53-3;71-1,,대구물어 단독 전거,미대조,,,민단 제도화기(1906~07),2 의결직,경제
OH0240,나카하라 후사이치,O020,직위,조합장,조합장,~1907,65-3,,대구물어 단독 전거,미대조,,1907-02 대화재로 시장 소실,민단 제도화기(1906~07),1 대표직,경제
OH0241,야마자키 도모사부로,O020,직위,기타,서기,~1907,65-3,,대구물어 단독 전거,미대조,,,민단 제도화기(1906~07),3 집행간부·사무회계직,경제
OH0242,나카무라 헤이시로,O021,직위,발기인,공동설립(연맹 조직),,37-2,,대구물어 단독 전거,미대조,,4명이 자본을 합쳐 미나카이상점 조직,,10 발기인,경제
OH0243,나카에 고로헤이,O021,직위,발기인,공동설립(연맹 조직),,37-2,,대구물어 단독 전거,미대조,,4명이 자본을 합쳐 미나카이상점 조직,,10 발기인,경제
OH0244,나카에 도미주로,O021,직위,발기인,공동설립(연맹 조직),,37-2,,대구물어 단독 전거,미대조,,4명이 자본을 합쳐 미나카이상점 조직,,10 발기인,경제
OH0245,오쿠이 와헤이,O021,직위,발기인,공동설립(연맹 조직),,37-2,,대구물어 단독 전거,미대조,,4명이 자본을 합쳐 미나카이상점 조직,,10 발기인,경제
OH0246,가미모리 겐자부로,O022,직위,발기인,합자조직 개업,1904,43-2,,대구물어 단독 전거,미대조,,"1904-09 개업, 오래가지 못함",민회기(1903~05),10 발기인,경제
OH0247,나카이데 세이타로,O022,직위,발기인,합자조직 개업,1904,43-2,,대구물어 단독 전거,미대조,,"1904-09 개업, 오래가지 못함",민회기(1903~05),10 발기인,경제
OH0248,스즈키 젠시치,O022,직위,발기인,합자조직 개업,1904,43-2,,대구물어 단독 전거,미대조,,"1904-09 개업, 오래가지 못함",민회기(1903~05),10 발기인,경제
OH0249,야기 마쓰다로,O023,직위,기타,설립·경영,1905~1907,36-2,,대구물어 단독 전거,미대조,,서상돈 설득해 설립; 1907년 가을 실패 후 경성행; 원문표기 야기 마쓰타로,민회기(1903~05),4 상업·경영직,경제
OH0250,야기 마쓰다로,O023,직위,사장,부식원 경영,1905~,65-5,,대구물어 단독 전거,미대조,,1905-08 대규모 농원 착수;원문 야기 마쓰타로,민회기(1903~05),4 상업·경영직,경제
OH0251,요시무라 가쓰타로,O023,소속,,사무원,,36-2,,대구물어 단독 전거,미대조,,,,,경제
OH0252,후루쇼 모토사네,O024,직위,발기인,설립,,42-3,,대구물어 단독 전거,미대조,,구마모토현 정객,,10 발기인,경제
OH0253,서상돈,O025,소속,,후원자,,42-3,,대구물어 단독 전거,미대조,,설립 후원,,,경제
OH0254,시노하라 이마시로,O025,직위,발기인,설립,,42-3,,대구물어 단독 전거,미대조,,서상돈 후원; 이종국과 공동경영,,10 발기인,경제
OH0255,이종국,O025,직위,기타,공동경영,,42-3,,대구물어 단독 전거,미대조,,,,4 상업·경영직,경제
OH0256,서상돈,O027,소속,,조합원,,79-5,,대구물어 단독 전거,미대조,,익명조합 결성 참여,,,경제
OH0257,이와세 시즈카,O027,직위,기타,대표자,,79-5,,대구물어 단독 전거,미대조,,익명조합 대표 — 백동화 20만원 무이자 대부,,1 대표직,경제
OH0258,정재학,O027,소속,,조합원,,79-5,,대구물어 단독 전거,미대조,,익명조합 결성 참여,,,경제
OH0259,정해붕,O027,소속,,조합원,,79-5,,대구물어 단독 전거,미대조,,익명조합 결성 참여,,,경제
OH0260,니시모토 민조,O028,직위,기타,회칙기초위원,1909,107-3,,대구물어 단독 전거,미대조,,,확장기(1908~10),6 위원직,경제·공익
OH0261,마에카와 도모지,O028,직위,기타,회칙기초위원,1909,107-2,,대구물어 단독 전거,미대조,,거류민대회에서 선출·번영회 조직 제안자 | [재판정 정정 2026-07-23] 근거절 107-3→107-2(회칙기초위원 명단 위치),확장기(1908~10),6 위원직,경제·공익
OH0262,미와 조테쓰,O028,직위,기타,회칙기초위원,1909,107-3,,대구물어 단독 전거,미대조,,,확장기(1908~10),6 위원직,경제·공익
OH0263,시라타 신스케,O028,직위,기타,회칙기초위원,1909,107-3,,대구물어 단독 전거,미대조,,번영회 조직 제안자,확장기(1908~10),6 위원직,경제·공익
OH0264,이토 기치사부로,O028,직위,기타,회칙기초위원,1909,107-3,,대구물어 단독 전거,미대조,,번영회 조직 제안자·당시 선거연령 미달,확장기(1908~10),6 위원직,경제·공익
OH0265,가와이 아사오,O030,직위,기타,후원자,1908,91-4,,대구물어 단독 전거,미확인,대구실업신문-대구신보-대구일일신문으로 이름을 바꾸어 이어짐,대구일일신문 후원자 8인 | 니시자와 후임 감독,확장기(1908~10),11 기타,언론
OH0266,노사카,O030,직위,기타,영업주임,1907~1908,91-2;91-4,,대구물어 단독 전거,미확인,,오키타 퇴거 후 영업·경리 담당,민단 제도화기(1906~07),3 집행간부·사무회계직,언론
OH0267,니시자와 사토루,O030,직위,기타,신문사 감독,1908,91-4,,대구물어 단독 전거,미확인,,감독을 맡았다가 그만둠 | [재판정 부분] 원문 해당사는 개제 후 대구일일신문사 지칭 — 신문 계보 한 레코드(O030) 원칙에 따라 유지,확장기(1908~10),4 상업·경영직,언론
OH0268,마스다 도라타,O030,직위,기타,후원자,1908,91-4,,대구물어 단독 전거,미확인,,대구일일신문 후원자 8인,확장기(1908~10),11 기타,언론
OH0269,마키노 슈,O030,직위,기타,경영,~1906,51-3,『대구민단사』,보조사료 대조 확인,확인,,사카모토 준에게 경영 일임 후 퇴진,민단 제도화기(1906~07),4 상업·경영직,언론
OH0270,마키노 슈,O030,직위,발기인,창설자,1905,7-1,,대구물어 단독 전거,미확인,,시모즈 사부로와 공동 경영,민회기(1903~05),10 발기인,언론
OH0271,마키노 슈,O030,직위,사장,사주,1906~1907,70-2,,대구물어 단독 전거,미확인,,1906-11 대구일일신문 개제·경영 담당,민단 제도화기(1906~07),4 상업·경영직,언론
OH0272,무라카와 가이치,O030,직위,기자,기자,1905~,27-2,,대구물어 단독 전거,미확인,,,민회기(1903~05),5 전문직능직,언론
OH0273,미카지리 주고,O030,직위,기타,후원자,1908,91-4,,대구물어 단독 전거,미확인,,대구일일신문 후원자 8인,확장기(1908~10),11 기타,언론
OH0274,사카모토 준,O030,직위,기타,경영,1906~,51-3;70-2,『대구민단사』,보조사료 대조 확인,확인,대구일일신문 주필,경영 일임받음; 가고시마현 출신 | 4개월 만에 퇴한처분;1907-02 대구 떠남,민단 제도화기(1906~07),4 상업·경영직,언론
OH0275,사카이 만지로,O030,직위,기타,후원자,1908,91-4,,대구물어 단독 전거,미확인,,대구일일신문 후원자 8인,확장기(1908~10),11 기타,언론
OH0276,시모즈 사부로,O030,직위,발기인,창설자,1905,7-1,『대구민단사』,보조사료 대조 확인,확인,,마키노 슈와 공동 경영,민회기(1903~05),10 발기인,언론
OH0277,아카호시 조조,O030,소속,,영업부원,1905~,27-2,,대구물어 단독 전거,미대조,,,민회기(1903~05),,언론
OH0278,아쿠타가와 다다시,O030,직위,주필,주필(노다 다다시),1905~,27-2,,대구물어 단독 전거,미확인,,병합맵 적용(노다→아쿠타가와 개명),민회기(1903~05),5 전문직능직,언론
OH0279,야스마쓰 구마키치,O030,직위,기타,후원자,1908,91-4,,대구물어 단독 전거,미확인,,대구일일신문 후원자 8인,확장기(1908~10),11 기타,언론
OH0280,오키타 스테지로,O030,직위,기타,신문사업 일체 수탁,1907~,70-2;70-3,,대구물어 단독 전거,미확인,,1907-08-21부터;'이와세 민장 가게야마 조역' 사설 집필,민단 제도화기(1906~07),4 상업·경영직,언론
OH0281,오키타 스테지로,O030,직위,사장,대구일일신문 사장,1907~1908,10-2;88-4;89-2;91-2;91-4;99-4,『대구민단사』,보조사료 대조 확인,확인,,"조선민보 전신 대구일일신문 | 1907-08부터 경영, 1908-04 퇴한 처분으로 4-30 퇴거",민단 제도화기(1906~07),4 상업·경영직,언론
OH0282,오키타 스테지로,O030,직위,주필,편집 담당,1906,70-2,,대구물어 단독 전거,미확인,,대구신보;2개월 만에 사퇴,민단 제도화기(1906~07),5 전문직능직,언론
OH0283,와타나베 히스루,O030,직위,기타,후원자,1908,91-4,,대구물어 단독 전거,미확인,,대구일일신문 후원자 8인,확장기(1908~10),11 기타,언론
OH0284,요시오카 다다이치,O030,직위,기자,기자,1908,91-4,,대구물어 단독 전거,미확인,,"호 고잔, 오키타 퇴거 후 편집 담당",확장기(1908~10),5 전문직능직,언론
OH0285,우에다 겐스케,O030,직위,기타,후원자,1908,91-4,,대구물어 단독 전거,미확인,,대구일일신문 후원자 8인,확장기(1908~10),11 기타,언론
OH0286,우에다 고쿠초,O030,직위,주필,주필,1905,27-2;28-1,,대구물어 단독 전거,미확인,,1905-09 부임·2개월 만에 이직,민회기(1903~05),5 전문직능직,언론
OH0287,하야시 진시치,O030,직위,기타,후원자,1908,91-4,,대구물어 단독 전거,미확인,,대구일일신문 후원자 8인,확장기(1908~10),11 기타,언론
OH0288,가토 이치로,O031,소속,,출자자(조합원),~1911,114-2,,대구물어 단독 전거,미대조,,1911-08-02 가와이 아사오에게 무상 양도,시기외,,언론
OH0289,가토 이치로,O031,직위,발기인,신문사 창립 계획,1908,94-2;94-4,,대구물어 단독 전거,미대조,,"대구신보 창립, 창립사무소를 오구라 활판소에 설치 | 대구신보 출자자 13인; 창립 사무 전담",확장기(1908~10),10 발기인,언론
OH0290,구로카와 엔지,O031,소속,,출자자(조합원),~1911,114-2,,대구물어 단독 전거,미대조,,1911-08-02 가와이 아사오에게 무상 양도,시기외,,언론
OH0291,구로카와 엔지,O031,직위,발기인,출자자,1908,94-4,,대구물어 단독 전거,미대조,,대구신보 출자자 13인,확장기(1908~10),10 발기인,언론
OH0292,기무라 다케타로,O031,소속,,출자자(조합원),~1911,114-2,,대구물어 단독 전거,미대조,,1911-08-02 가와이 아사오에게 무상 양도,시기외,,언론
OH0293,기무라 다케타로,O031,직위,발기인,신문사 창립 계획,1908,94-2;94-4,,대구물어 단독 전거,미대조,,"대구신보 창립, 창립사무소를 오구라 활판소에 설치 | 대구신보 출자자 13인",확장기(1908~10),10 발기인,언론
OH0294,마치다 규고,O031,소속,,출자자(조합원),~1911,114-2,,대구물어 단독 전거,미대조,,1911-08-02 가와이 아사오에게 무상 양도,시기외,,언론
OH0295,마치다 규고,O031,직위,발기인,출자자,1908,94-4,,대구물어 단독 전거,미대조,,대구신보 출자자 13인,확장기(1908~10),10 발기인,언론
OH0296,미우라 쇼이치로,O031,직위,주필,주필,1908,95-4,,대구물어 단독 전거,미대조,,"주필 예정으로 창간사무 담당, 합병 후 초빙키로",확장기(1908~10),5 전문직능직,언론
OH0297,사토 슈조,O031,소속,,출자자(조합원),~1911,114-2,,대구물어 단독 전거,미대조,,1911-08-02 가와이 아사오에게 무상 양도,시기외,,언론
OH0298,사토 슈조,O031,직위,발기인,출자자,1908,94-4,,대구물어 단독 전거,미대조,,대구신보 출자자 13인,확장기(1908~10),10 발기인,언론
OH0299,스기하라 신키치,O031,소속,,출자자(조합원),~1911,114-2,,대구물어 단독 전거,미대조,,1911-08-02 가와이 아사오에게 무상 양도,시기외,,언론
OH0300,스기하라 신키치,O031,직위,발기인,출자자,1908,94-4,,대구물어 단독 전거,미대조,,대구신보 출자자 13인,확장기(1908~10),10 발기인,언론
OH0301,시부사와 슈조,O031,소속,,출자자(조합원),~1911,114-2,,대구물어 단독 전거,미대조,,1911-08-02 가와이 아사오에게 무상 양도,시기외,,언론
OH0302,시부사와 슈조,O031,직위,발기인,출자자,1908,94-4,,대구물어 단독 전거,미대조,,대구신보 출자자 13인,확장기(1908~10),10 발기인,언론
OH0303,아오키 시게노부,O031,소속,,출자자(조합원),~1911,114-2,,대구물어 단독 전거,미대조,,1911-08-02 가와이 아사오에게 무상 양도,시기외,,언론
OH0304,아오키 시게노부,O031,직위,발기인,신문사 창립 계획,1908,94-2;94-4,,대구물어 단독 전거,미대조,,"대구신보 창립, 창립사무소를 오구라 활판소에 설치 | 대구신보 출자자 13인",확장기(1908~10),10 발기인,언론
OH0305,오구라 다케노스케,O031,소속,,출자자(조합원),~1911,114-2,,대구물어 단독 전거,미대조,,1911-08-02 가와이 아사오에게 무상 양도,시기외,,언론
OH0306,오구라 다케노스케,O031,직위,발기인,신문사 창립 계획,1908,94-2;94-4,,대구물어 단독 전거,미대조,,"대구신보 창립, 창립사무소를 오구라 활판소에 설치 | 대구신보 출자자 13인",확장기(1908~10),10 발기인,언론
OH0307,이나모토 신신,O031,소속,,출자자(조합원),~1911,114-2,,대구물어 단독 전거,미대조,,1911-08-02 가와이 아사오에게 무상 양도,시기외,,언론
OH0308,이나모토 신신,O031,직위,발기인,신문사 창립 계획,1908,94-2;94-4,,대구물어 단독 전거,미대조,,"대구신보 창립, 창립사무소를 오구라 활판소에 설치 | 대구신보 출자자 13인(원문 표기 이나모토 신진)",확장기(1908~10),10 발기인,언론
OH0309,이와세 시즈카,O031,소속,,출자자(조합원),~1911,114-2,,대구물어 단독 전거,미대조,,1911-08-02 가와이 아사오에게 무상 양도,시기외,,언론
OH0310,이와세 시즈카,O031,직위,발기인,출자자,1908,94-4,,대구물어 단독 전거,미대조,,대구신보 출자자 13인,확장기(1908~10),10 발기인,언론
OH0311,후지나와 분준,O031,소속,,출자자(조합원),~1911,114-2,,대구물어 단독 전거,미대조,,1911-08-02 가와이 아사오에게 무상 양도,시기외,,언론
OH0312,후지나와 분준,O031,직위,발기인,출자자,1908,94-4,,대구물어 단독 전거,미대조,,대구신보 출자자 13인,확장기(1908~10),10 발기인,언론
OH0313,후쿠치 기사쿠,O031,소속,,출자자(조합원),~1911,114-2,,대구물어 단독 전거,미대조,,병합맵 적용(후쿠치 요시사쿠)·1911-08-02 무상 양도,시기외,,언론
OH0314,후쿠치 기사쿠,O031,직위,발기인,출자자,1908,94-4,,대구물어 단독 전거,미대조,,대구신보 출자자 13인,확장기(1908~10),10 발기인,언론
OH0315,가와이 아사오,O032,직위,기타,신문 관여·조선민보 경영,1908~,10-2;27-3;113-3,『대구민단사』,보조사료 대조 확인,확인,,1908-10-01부터 신문 관여·조선민보는 O032 후신 | 1909-08-02 가토 이치로 주선으로 경영 일체 위임받음,확장기(1908~10),4 상업·경영직,언론
OH0316,가와이 아사오,O032,직위,사장,사장,1909~,114-1,『대구민단사』,보조사료 대조 확인,확인,,1909-08-12 사고(社告)로 이사제 폐지 후 사장 임명,확장기(1908~10),4 상업·경영직,언론
OH0317,가와이 아사오,O032,직위,이사·간사,이사,1908~1909,113-2,『대구민단사』,보조사료 대조 확인,확인,,대구일일신문사 측 추천·가토와 공동 경영,확장기(1908~10),3 집행간부·사무회계직,언론
OH0318,가토 이치로,O032,직위,이사·간사,이사,1908~1909,113-2,『대구민단사』,보조사료 대조 확인,확인,,대구신보사 측 추천·1909 초부터 경영 불응,확장기(1908~10),3 집행간부·사무회계직,언론
OH0319,고가 쇼지,O032,소속,,(채용),1908~,99-4,,대구물어 단독 전거,미대조,,"1908-12-25 채용, 직명 미명시",확장기(1908~10),,언론
OH0320,노사카,O032,직위,기타,영업,1908~,95-4;113-3,,대구물어 단독 전거,미확인,,대구신문 영업 담당; 113-3 인쇄 교섭,확장기(1908~10),4 상업·경영직,언론
OH0321,무라마쓰 스케유키,O032,직위,기타,편집,1908~,95-4,,대구물어 단독 전거,미확인,,대구신문 편집 담당,확장기(1908~10),5 전문직능직,언론
OH0322,미우라 쇼이치로,O032,직위,주필,사설 집필,1908~,95-4,,대구물어 단독 전거,미확인,,사설 집필→주필로 매핑,확장기(1908~10),5 전문직능직,언론
OH0323,야하시 요시타네,O032,직위,기타,편집국장,,77-3,,대구물어 단독 전거,미확인,,조선민보(대구신문 후신) — 집필시점(1930) 현재,,5 전문직능직,언론
OH0324,가와이 아사오,O033,직위,이사·간사,이사,1908~,95-4;99-4,,대구물어 단독 전거,미대조,,합병 후 대구일일신문사 측 추천 이사,확장기(1908~10),3 집행간부·사무회계직,언론(경영조합)
OH0325,가토 이치로,O033,직위,이사·간사,이사,1908~,95-4;99-4,,대구물어 단독 전거,미대조,,합병 후 곧 신문과 관계 끊음(99-4) | 합병 후 대구신보사 측 추천 이사,확장기(1908~10),3 집행간부·사무회계직,언론(경영조합)
OH0326,기무라 다케타로,O033,직위,기타,고문,1908~,95-4,,대구물어 단독 전거,미대조,,대구신문사조합 고문,확장기(1908~10),8 행정관직,언론(경영조합)
OH0327,사카이 만지로,O033,직위,기타,고문,1908~,95-4,,대구물어 단독 전거,미대조,,대구신문사조합 고문,확장기(1908~10),8 행정관직,언론(경영조합)
OH0328,시부사와 슈조,O033,직위,기타,회계감사원,1909,113-3,,대구물어 단독 전거,미대조,,분란 중 회계감사원 추천,확장기(1908~10),3 집행간부·사무회계직,언론(경영조합)
OH0329,오구라 다케노스케,O033,직위,기타,회계감사원,1909,113-3,,대구물어 단독 전거,미대조,,분란 중 회계감사원 추천,확장기(1908~10),3 집행간부·사무회계직,언론(경영조합)
OH0330,샤쿠오 슌조,O034,직위,기타,순간신문 조선 발행;발행(경영),1905,27-1,,대구물어 단독 전거,미대조,,1905-06경 발행·단명 | [재판정 정정] 사장 직명 원문 무 — 발행·경영 서술로 기타 처리,민회기(1903~05),4 상업·경영직,언론
OH0331,샤쿠오 슌조,O035,직위,기타,경영,,110-3,,대구물어 단독 전거,미대조,,'샤쿠오 슌조의 대구일보' 소유 표현,,4 상업·경영직,언론
OH0332,샤쿠오 슌조,O035,직위,발기인,간행 기획,1906,27-1,,대구물어 단독 전거,미대조,,제2호 사설로 발행 중지,민단 제도화기(1906~07),10 발기인,언론
OH0333,시노하라 가나메,O035,직위,기타,회계,1906,27-1,,대구물어 단독 전거,미대조,,,민단 제도화기(1906~07),3 집행간부·사무회계직,언론
OH0334,이나모토 신신,O035,소속,,입사,,110-3,,대구물어 단독 전거,미대조,,샤쿠오 슌조의 대구일보에 재직 경력,,,언론
OH0335,이나모토 신신,O035,직위,기타,경영,1906,27-1,,대구물어 단독 전거,미대조,,경영 자처·자금 모집,민단 제도화기(1906~07),4 상업·경영직,언론
OH0336,기쿠카와 게이운,O036,직위,기타,교무,~1909,30-1;71-1,『대구민단사』,보조사료 대조 확인,확인,,히자쓰키 후임으로 교무 인계,확장기(1908~10),5 전문직능직,교육
OH0337,니타니 마쓰스케,O036,소속,,경영 조력,1899~,29-2,,대구물어 단독 전거,미대조,,,시기외,,교육
OH0338,샤쿠오 슌조,O036,직위,기타,주간 겸 교두,1903,27-1;29-3,『대구민단사』,보조사료 대조 확인,확인,,교편 병행(진언종 승적),민회기(1903~05),5 전문직능직,교육
OH0339,윤필오,O036,직위,기타,교장 겸 교사,1899~,29-2;29-3;71-1,『대구민단사』,보조사료 대조 확인,확인,,경영 담당·1903 간부 명단 교장,시기외,5 전문직능직,교육
OH0340,히자쓰키 마스키치,O036,직위,기타,감독 겸 교사,1903,29-3;30-1,『대구민단사』,보조사료 대조 확인,확인,,통감부 철도관리국 근무로 학교 경영에서 물러남(대상 학교 문맥상 달성학교),민회기(1903~05),5 전문직능직,교육
OH0341,히자쓰키 마스키치,O036,직위,발기인,설립자,1899,29-2,『대구민단사』,보조사료 대조 확인,확인,,사재로 교비 제공,시기외,10 발기인,교육
OH0342,나가에 요시마사,O038,소속,,재학생,1905,30-2,,대구물어 단독 전거,미대조,,1905-10 개교 당시 재학생,민회기(1903~05),,교육
OH0343,니시야마 쓰네,O038,직위,기타,교원,1907,72-2,,대구물어 단독 전거,미확인,,,민단 제도화기(1906~07),5 전문직능직,교육
OH0344,다나카 가나메,O038,소속,,재학생,1905,30-2,,대구물어 단독 전거,미대조,,1905-10 개교 당시 재학생,민회기(1903~05),,교육
OH0345,마에다 아쓰시,O038,직위,기타,교장,1906~,30-2;53-2;71-1;72-2,『대구민단사』,보조사료 대조 확인,확인,민단사에는 '심상고등소학교'로 기재,아와타 후임; 53-2 원문표기 마에다 오쓰시 | 1907-03 신교사 이전 시점,민단 제도화기(1906~07),5 전문직능직,교육
OH0346,모리야 다쓰조,O038,직위,기타,교원,1907,72-2,,대구물어 단독 전거,미확인,,,민단 제도화기(1906~07),5 전문직능직,교육
OH0347,세노 에이타로,O038,소속,,졸업생,,30-3,,대구물어 단독 전거,미대조,,[시드 표적검증 2026-07-23] 30-3 '경상북도 포항 토목과 파출소 주임인 세노 에이타로도 당시 이 학교를 졸업했다' — 졸업(재학) 사실의 명시 서술. 졸업 연도 불명으로 시간구간 공란,,,교육
OH0348,시타가와 하루,O038,직위,기타,교원,1907,72-2,,대구물어 단독 전거,미확인,,,민단 제도화기(1906~07),5 전문직능직,교육
OH0349,아와타 에이지로,O038,직위,기타,소학교 교장,1905~1906,23-2;30-2,,대구물어 단독 전거,미확인,,"대구 최초의 소학교 교장 | 초대 교장; 1906년 봄 퇴임, 1924년 서거",민회기(1903~05),5 전문직능직,교육
OH0350,아카시 세이코,O038,소속,,재학생,1905,30-2,,대구물어 단독 전거,미대조,,1905-10 개교 당시 재학생,민회기(1903~05),,교육
OH0351,야마노 우에쿠니,O038,소속,,재학생,1905,30-2,,대구물어 단독 전거,미대조,,1905-10 개교 당시 재학생,민회기(1903~05),,교육
OH0352,야마다 히로미치,O038,소속,,재학생,1905,30-2,,대구물어 단독 전거,미대조,,1905-10 개교 당시 재학생,민회기(1903~05),,교육
OH0353,오치 치에코,O038,소속,,재학생,1905,30-2,,대구물어 단독 전거,미대조,,1905-10 개교 당시 재학생,민회기(1903~05),,교육
OH0354,히와타시 세이에이,O038,직위,기타,교장,1907,30-2;71-1;72-2,,대구물어 단독 전거,미확인,,마에다 후임,민단 제도화기(1906~07),5 전문직능직,교육
OH0355,사토 겐쇼,O039,직위,기타,경영,1906~,29-4,,대구물어 단독 전거,미대조,,한일병합 무렵까지 운영,민단 제도화기(1906~07),4 상업·경영직,교육
OH0356,스토 시즈야,O039,직위,발기인,야학교 설립,1903,29-4,,대구물어 단독 전거,미대조,,포교소 내 설립,민회기(1903~05),10 발기인,교육
OH0357,정해붕,O039,소속,,수학(학생),,29-4,,대구물어 단독 전거,미대조,,야학교 출신으로 명시,,,교육
OH0358,니시야마 유스케,O040,직위,기타,학감 교사,1906~,52-3;71-1,,대구물어 단독 전거,미대조,,원문 니시야마 구마스케(西山熊助),민단 제도화기(1906~07),5 전문직능직,교육(한국인)
OH0359,엄성구,O040,직위,기타,교장,1906~,52-3;71-1,,대구물어 단독 전거,미대조,,,민단 제도화기(1906~07),5 전문직능직,교육(한국인)
OH0360,나카무라 헤이시로 부인,O042,직위,기타,보모,1907,79-3,,대구물어 단독 전거,미대조,,신규인물후보 — 최초 보모·본정2정목 나카무라 헤이시로의 부인,민단 제도화기(1906~07),5 전문직능직,교육
OH0361,야마노 우에쿠니,O042,직위,기타,보모,,30-2,,대구물어 단독 전거,미대조,,현재(1930),,5 전문직능직,교육
OH0362,가와이 아사오,O043,소속,,사무 보조,,62-1,,대구물어 단독 전거,미대조,,,,,교육·종교
OH0363,나카자와 덴노스케,O043,직위,기타,사무장,,62-1,,대구물어 단독 전거,미대조,,,,3 집행간부·사무회계직,교육·종교
OH0364,사카모토 도시스케,O043,소속,,(사무장 아래 사무),,62-1,,대구물어 단독 전거,미대조,,직명 미기재,,,교육·종교
OH0365,사토 겐쇼,O043,소속,,(직명 미기재),1907,71-1,,대구물어 단독 전거,미대조,,직원록 등재,민단 제도화기(1906~07),,교육·종교
OH0366,사토 겐쇼,O043,직위,기타,주임(후임 법사),1906~,29-4,,대구물어 단독 전거,미대조,,,민단 제도화기(1906~07),5 전문직능직,교육·종교
OH0367,스토 시즈야,O043,직위,기타,주임(법사),1903~1906,29-4,,대구물어 단독 전거,미대조,,1906-02 전임 명령으로 이임,민회기(1903~05),5 전문직능직,교육·종교
OH0368,후카와 고테쓰,O044,소속,,법사,1905,5-1,,대구물어 단독 전거,미대조,,전승축하회 추도 법사 사회,민회기(1903~05),,교육·종교
OH0369,후카와 고테쓰,O044,소속,,(직명 미기재),1907,71-1,,대구물어 단독 전거,미대조,,직원록 등재,민단 제도화기(1906~07),,교육·종교
OH0370,이와사키 다미야,O046,직위,기타,초대 신관,1906~,53-4,,대구물어 단독 전거,미대조,,쓰시마 출신,민단 제도화기(1906~07),5 전문직능직,교육·종교
OH0371,가미무라 나오치카,O047,직위,기타,원장,,67-3,,대구물어 단독 전거,미대조,,마쓰모토 후임;1929 병사,,5 전문직능직,공익(의료)
OH0372,마쓰모토 시게마사,O047,직위,기타,원장(일등 군의정),1910~,67-3;96-2,,대구물어 단독 전거,미대조,,대구자혜의원;약 10년 재임 후 개업 | 병합 후 대구자혜의원장(O047 후신) 부임 | [재판정 부분] 원문은 병합 후 대구자혜의원 원장 부임 서술 — 동인의원 원장은 이케가미 시로. 조직 귀속 재검토 필요,확장기(1908~10),9 경찰·헌병·군,공익(의료)
OH0373,모쿠자키 야소하치,O047,직위,기타,서무,1907~,67-2,,대구물어 단독 전거,미대조,,,민단 제도화기(1906~07),3 집행간부·사무회계직,공익(의료)
OH0374,스즈키 하치로,O047,직위,기타,약제사,1907~,67-2;71-1,,대구물어 단독 전거,미대조,,1929 병사(67-3),민단 제도화기(1906~07),5 전문직능직,공익(의료)
OH0375,야마네 마사지,O047,직위,기타,원장,,67-3,,대구물어 단독 전거,미대조,,1930 현재(도립대구의원),,5 전문직능직,공익(의료)
OH0376,이케가미 시로,O047,직위,기타,원장,1907~,67-2;71-1;98-3,,대구물어 단독 전거,미대조,,1907-03-12 착임;후에 대구 개업 후 고베 이전(67-3) | 본문 성만 표기(이케가미 원장),민단 제도화기(1906~07),5 전문직능직,공익(의료)
OH0377,후지나와 분준,O047,직위,기타,부원장,1907~,67-2;71-1,,대구물어 단독 전거,미대조,,동인의원 대구 유치 주선,민단 제도화기(1906~07),5 전문직능직,공익(의료)
OH0378,후쿠타케 쇼조,O047,직위,기타,의원(醫員),1907~,67-2;71-1,,대구물어 단독 전거,미대조,,1929 병사(67-3),민단 제도화기(1906~07),5 전문직능직,공익(의료)
OH0379,오쿠마 시게노부,O048,직위,기타,총재,,67-2,,대구물어 단독 전거,미대조,,,,1 대표직,공익(의료)
OH0380,가와이 아사오,O049,직위,발기인,주도,1905,28-1,,대구물어 단독 전거,미대조,,'나를 더해' 서술,민회기(1903~05),10 발기인,동향·친목
OH0381,다도코로 유키에,O049,직위,발기인,주도(다토코로 유키에),1905,28-1,,대구물어 단독 전거,미대조,,구표기 적용,민회기(1903~05),10 발기인,동향·친목
OH0382,마키노 슈,O049,직위,발기인,주도,1905,28-1,,대구물어 단독 전거,미대조,,1905-07 발회식,민회기(1903~05),10 발기인,동향·친목
OH0383,스즈키 히사지로,O049,직위,발기인,주도,1905,28-1,,대구물어 단독 전거,미대조,,발회식 주도,민회기(1903~05),10 발기인,동향·친목
OH0384,히자쓰키 마스키치,O049,직위,발기인,주도,1905,28-1,,대구물어 단독 전거,미대조,,,민회기(1903~05),10 발기인,동향·친목
OH0385,가나모리 리키자부로,O051,소속,,회원(1913 회합 명단),1913,39-2,,대구물어 단독 전거,미대조,,,시기외,,동향·친목
OH0386,고다마 이타로,O051,소속,,회원(1913 회합 명단),1913,39-2,,대구물어 단독 전거,미대조,,,시기외,,동향·친목
OH0387,구와노 긴타로,O051,소속,,회원(1913 회합 명단),1913,39-2,,대구물어 단독 전거,미대조,,,시기외,,동향·친목
OH0388,기도 다다지로,O051,소속,,회원(1913 회합 명단),1913,39-2,,대구물어 단독 전거,미대조,,,시기외,,동향·친목
OH0389,나가이 고타로,O051,소속,,회원(1913 회합 명단),1913,39-2,,대구물어 단독 전거,미대조,,,시기외,,동향·친목
OH0390,나카에 고로헤이,O051,소속,,회원(1913 회합 명단),1913,39-2,,대구물어 단독 전거,미대조,,,시기외,,동향·친목
OH0391,니시야마 쓰루키치,O051,소속,,회원(1913 회합 명단),1913,39-2,,대구물어 단독 전거,미대조,,,시기외,,동향·친목
OH0392,도쿠라 소로쿠,O051,소속,,회원(1913 회합 명단),1913,39-2,,대구물어 단독 전거,미대조,,,시기외,,동향·친목
OH0393,마쓰이 이치타로,O051,소속,,회원(1913 회합 명단),1913,39-2,,대구물어 단독 전거,미대조,,,시기외,,동향·친목
OH0394,마에카와 도모지,O051,소속,,회원(1913 회합 명단),1913,39-2,,대구물어 단독 전거,미대조,,,시기외,,동향·친목
OH0395,모리나가 소이치,O051,직위,발기인,발기,1913,39-2,,대구물어 단독 전거,미대조,,팔조회 발기(회원 겸),시기외,10 발기인,동향·친목
OH0396,미쓰하시 에이타로,O051,소속,,회원(1913 회합 명단),1913,39-2,,대구물어 단독 전거,미대조,,,시기외,,동향·친목
OH0397,미와 조테쓰,O051,소속,,회원(1913 회합 명단),1913,39-2,,대구물어 단독 전거,미대조,,,시기외,,동향·친목
OH0398,사이토 요시조,O051,소속,,회원(1913 회합 명단),1913,39-2;63-2,,대구물어 단독 전거,미대조,,,시기외,,동향·친목
OH0399,사카모토 도시스케,O051,소속,,회원(1913 회합 명단),1913,39-2,,대구물어 단독 전거,미대조,,,시기외,,동향·친목
OH0400,시노하라 가나메,O051,소속,,회원(1913 회합 명단),1913,39-2,,대구물어 단독 전거,미대조,,,시기외,,동향·친목
OH0401,아베 도시로,O051,소속,,회원(1913 회합 명단),1913,39-2,,대구물어 단독 전거,미대조,,,시기외,,동향·친목
OH0402,우에다 요시오,O051,소속,,회원(1913 회합 명단),1913,39-2,,대구물어 단독 전거,미대조,,,시기외,,동향·친목
OH0403,우치다 로쿠로,O051,소속,,회원(1913 회합 명단),1913,39-2,,대구물어 단독 전거,미대조,,,시기외,,동향·친목
OH0404,이시카와 오쿠조,O051,소속,,회원(1913 회합 명단),1913,39-2,,대구물어 단독 전거,미대조,,,시기외,,동향·친목
OH0405,이와나가 젠지로,O051,소속,,회원(1913 회합 명단),1913,39-2,,대구물어 단독 전거,미대조,,,시기외,,동향·친목
OH0406,이와세 시즈카,O051,소속,,회원(1913 회합 명단),1913,39-2,,대구물어 단독 전거,미대조,,,시기외,,동향·친목
OH0407,이즈카 쇼이치,O051,소속,,회원(1913 회합 명단),1913,39-2,,대구물어 단독 전거,미대조,,,시기외,,동향·친목
OH0408,후루카와 분노스케,O051,소속,,회원(1913 회합 명단),1913,39-2,,대구물어 단독 전거,미대조,,,시기외,,동향·친목
OH0409,히자쓰키 마스키치,O051,소속,,회원(1913 회합 명단),1913,39-2,,대구물어 단독 전거,미대조,,,시기외,,동향·친목
OH0410,가네미쓰 우헤이,O052,소속,,회원,1928~,40-1,,대구물어 단독 전거,미대조,,1928-02 조직 회원 명부(총 77명 중 열거분),시기외,,동향·친목
OH0411,가네코 기이치,O052,소속,,회원,1928~,40-1,,대구물어 단독 전거,미대조,,1928-02 조직 회원 명부(총 77명 중 열거분),시기외,,동향·친목
OH0412,가도치 가나,O052,소속,,회원,1928~,40-1,,대구물어 단독 전거,미대조,,1928-02 조직 회원 명부(총 77명 중 열거분),시기외,,동향·친목
OH0413,가도타 기쿠,O052,소속,,회원,1928~,40-1,,대구물어 단독 전거,미대조,,1928-02 조직 회원 명부(총 77명 중 열거분),시기외,,동향·친목
OH0414,가미야 도요나리,O052,소속,,회원,1928~,40-1,,대구물어 단독 전거,미대조,,1928-02 조직 회원 명부(총 77명 중 열거분),시기외,,동향·친목
OH0415,가미타니 겐지로,O052,소속,,회원,1928~,40-1,,대구물어 단독 전거,미대조,,1928-02 조직 회원 명부(총 77명 중 열거분),시기외,,동향·친목
OH0416,가사하라 사토시,O052,소속,,회원,1928~,40-1,,대구물어 단독 전거,미대조,,1928-02 조직 회원 명부(총 77명 중 열거분),시기외,,동향·친목
OH0417,가와구치 유키치,O052,소속,,회원,1928~,40-1,,대구물어 단독 전거,미대조,,1928-02 조직 회원 명부(총 77명 중 열거분),시기외,,동향·친목
OH0418,가와이 아사오,O052,소속,,회원,1928~,40-1,,대구물어 단독 전거,미대조,,1928-02 조직 회원 명부(총 77명 중 열거분),시기외,,동향·친목
OH0419,가와이 아사오,O052,직위,이사·간사,간사,1928~,40-2,,대구물어 단독 전거,미대조,,"사카모토 원문표기 슌스케, 모리나가 원문표기 守泳宗一 등 표준표기로 변환",시기외,3 집행간부·사무회계직,동향·친목
OH0420,가와카쓰 우메키치,O052,소속,,회원,1928~,40-1,,대구물어 단독 전거,미대조,,1928-02 조직 회원 명부(총 77명 중 열거분),시기외,,동향·친목
OH0421,가즈 요시타로,O052,소속,,회원,1928~,40-1,,대구물어 단독 전거,미대조,,1928-02 조직 회원 명부(총 77명 중 열거분),시기외,,동향·친목
OH0422,구로노 기요쓰구,O052,소속,,회원,1928~,40-1,,대구물어 단독 전거,미대조,,1928-02 조직 회원 명부(총 77명 중 열거분),시기외,,동향·친목
OH0423,구와노 긴타로,O052,소속,,회원,1928~,40-1,,대구물어 단독 전거,미대조,,1928-02 조직 회원 명부(총 77명 중 열거분),시기외,,동향·친목
OH0424,기도 다다지로,O052,소속,,회원,1928~,40-1,,대구물어 단독 전거,미대조,,1928-02 조직 회원 명부(총 77명 중 열거분),시기외,,동향·친목
OH0425,기타가와 지헤이,O052,소속,,회원,1928~,40-1,,대구물어 단독 전거,미대조,,1928-02 조직 회원 명부(총 77명 중 열거분),시기외,,동향·친목
OH0426,기타무라 도시오,O052,소속,,회원,1928~,40-1,,대구물어 단독 전거,미대조,,1928-02 조직 회원 명부(총 77명 중 열거분),시기외,,동향·친목
OH0427,나가이 고타로,O052,소속,,회원,1928~,40-1,,대구물어 단독 전거,미대조,,1928-02 조직 회원 명부(총 77명 중 열거분),시기외,,동향·친목
OH0428,나가이 고타로,O052,직위,이사·간사,간사,1928~,40-2,,대구물어 단독 전거,미대조,,"사카모토 원문표기 슌스케, 모리나가 원문표기 守泳宗一 등 표준표기로 변환",시기외,3 집행간부·사무회계직,동향·친목
OH0429,나카모토 가타로,O052,소속,,회원,1928~,40-1,,대구물어 단독 전거,미대조,,1928-02 조직 회원 명부(총 77명 중 열거분),시기외,,동향·친목
OH0430,나카무라 기이치,O052,소속,,회원,1928~,40-1,,대구물어 단독 전거,미대조,,1928-02 조직 회원 명부(총 77명 중 열거분),시기외,,동향·친목
OH0431,나카무라 헤이시로,O052,소속,,회원,1928~,40-1,,대구물어 단독 전거,미대조,,1928-02 조직 회원 명부(총 77명 중 열거분),시기외,,동향·친목
OH0432,나카쓰카 로쿠스케,O052,소속,,회원,1928~,40-1,,대구물어 단독 전거,미대조,,1928-02 조직 회원 명부(총 77명 중 열거분),시기외,,동향·친목
OH0433,나카에 고로헤이,O052,소속,,회원,1928~,40-1,,대구물어 단독 전거,미대조,,1928-02 조직 회원 명부(총 77명 중 열거분),시기외,,동향·친목
OH0434,나카에 고로헤이,O052,직위,회장,회장,1928~,40-2,,대구물어 단독 전거,미대조,,원문표기 나카에 고로헤(江五郎平),시기외,1 대표직,동향·친목
OH0435,노무라 후사요시,O052,소속,,회원,1928~,40-1,,대구물어 단독 전거,미대조,,1928-02 조직 회원 명부(총 77명 중 열거분),시기외,,동향·친목
OH0436,다나카 나라키치,O052,소속,,회원,1928~,40-1,,대구물어 단독 전거,미대조,,1928-02 조직 회원 명부(총 77명 중 열거분),시기외,,동향·친목
OH0437,다나카 후지타로,O052,소속,,회원,1928~,40-1,,대구물어 단독 전거,미대조,,1928-02 조직 회원 명부(총 77명 중 열거분),시기외,,동향·친목
OH0438,다카키 신지,O052,소속,,회원,1928~,40-1,,대구물어 단독 전거,미대조,,1928-02 조직 회원 명부(총 77명 중 열거분),시기외,,동향·친목
OH0439,다카하시 우스케,O052,소속,,회원,1928~,40-1,,대구물어 단독 전거,미대조,,1928-02 조직 회원 명부(총 77명 중 열거분),시기외,,동향·친목
OH0440,다케우치 도라조,O052,소속,,회원,1928~,40-1,,대구물어 단독 전거,미대조,,1928-02 조직 회원 명부(총 77명 중 열거분),시기외,,동향·친목
OH0441,다키타 기누조,O052,소속,,회원,1928~,40-1,,대구물어 단독 전거,미대조,,1928-02 조직 회원 명부(총 77명 중 열거분),시기외,,동향·친목
OH0442,다테시마 료사부로,O052,소속,,회원,1928~,40-1,,대구물어 단독 전거,미대조,,1928-02 조직 회원 명부(총 77명 중 열거분),시기외,,동향·친목
OH0443,도쿠라 기이치,O052,소속,,회원,1928~,40-1,,대구물어 단독 전거,미대조,,1928-02 조직 회원 명부(총 77명 중 열거분),시기외,,동향·친목
OH0444,마스다 도라타,O052,소속,,회원,1928~,40-1,,대구물어 단독 전거,미대조,,1928-02 조직 회원 명부(총 77명 중 열거분),시기외,,동향·친목
OH0445,마쓰모토 세이이치,O052,소속,,회원,1928~,40-1,,대구물어 단독 전거,미대조,,1928-02 조직 회원 명부(총 77명 중 열거분),시기외,,동향·친목
OH0446,마쓰오 이와키치,O052,소속,,회원,1928~,40-1,,대구물어 단독 전거,미대조,,1928-02 조직 회원 명부(총 77명 중 열거분),시기외,,동향·친목
OH0447,마유미 다다시,O052,소속,,회원,1928~,40-1,,대구물어 단독 전거,미대조,,1928-02 조직 회원 명부(총 77명 중 열거분),시기외,,동향·친목
OH0448,마치다 규고,O052,소속,,회원,1928~,40-1,,대구물어 단독 전거,미대조,,1928-02 조직 회원 명부(총 77명 중 열거분),시기외,,동향·친목
OH0449,마치다 규고,O052,직위,이사·간사,간사,1928~,40-2,,대구물어 단독 전거,미대조,,"사카모토 원문표기 슌스케, 모리나가 원문표기 守泳宗一 등 표준표기로 변환",시기외,3 집행간부·사무회계직,동향·친목
OH0450,마키 신이치,O052,소속,,회원,1928~,40-1,,대구물어 단독 전거,미대조,,1928-02 조직 회원 명부(총 77명 중 열거분),시기외,,동향·친목
OH0451,모리나가 소이치,O052,소속,,회원,1928~,40-1,,대구물어 단독 전거,미대조,,1928-02 조직 회원 명부(총 77명 중 열거분),시기외,,동향·친목
OH0452,모리나가 소이치,O052,직위,이사·간사,간사,1928~,40-2,,대구물어 단독 전거,미대조,,"사카모토 원문표기 슌스케, 모리나가 원문표기 守泳宗一 등 표준표기로 변환",시기외,3 집행간부·사무회계직,동향·친목
OH0453,모리모토 도네쓰키,O052,소속,,회원,1928~,40-1,,대구물어 단독 전거,미대조,,1928-02 조직 회원 명부(총 77명 중 열거분),시기외,,동향·친목
OH0454,모모하라 야오조,O052,소속,,회원,1928~,40-1,,대구물어 단독 전거,미대조,,1928-02 조직 회원 명부(총 77명 중 열거분),시기외,,동향·친목
OH0455,무라오카 시게루,O052,소속,,회원,1928~,40-1,,대구물어 단독 전거,미대조,,1928-02 조직 회원 명부(총 77명 중 열거분),시기외,,동향·친목
OH0456,무카이 도모키치,O052,소속,,회원,1928~,40-1,,대구물어 단독 전거,미대조,,1928-02 조직 회원 명부(총 77명 중 열거분),시기외,,동향·친목
OH0457,미야마 요시노스케,O052,소속,,회원,1928~,40-1,,대구물어 단독 전거,미대조,,1928-02 조직 회원 명부(총 77명 중 열거분),시기외,,동향·친목
OH0458,미야케 아키타로,O052,소속,,회원,1928~,40-1,,대구물어 단독 전거,미대조,,1928-02 조직 회원 명부(총 77명 중 열거분),시기외,,동향·친목
OH0459,미와 노부오,O052,소속,,회원,1928~,40-1,,대구물어 단독 전거,미대조,,1928-02 조직 회원 명부(총 77명 중 열거분),시기외,,동향·친목
OH0460,미하시 지요타로,O052,소속,,회원,1928~,40-1,,대구물어 단독 전거,미대조,,1928-02 조직 회원 명부(총 77명 중 열거분),시기외,,동향·친목
OH0461,사사키 이치조,O052,소속,,회원,1928~,40-1,,대구물어 단독 전거,미대조,,1928-02 조직 회원 명부(총 77명 중 열거분),시기외,,동향·친목
OH0462,사카모토 도시스케,O052,소속,,회원,1928~,40-1,,대구물어 단독 전거,미대조,,1928-02 조직 회원 명부(총 77명 중 열거분),시기외,,동향·친목
OH0463,사카모토 도시스케,O052,직위,이사·간사,간사,1928~,40-2,,대구물어 단독 전거,미대조,,"사카모토 원문표기 슌스케, 모리나가 원문표기 守泳宗一 등 표준표기로 변환",시기외,3 집행간부·사무회계직,동향·친목
OH0464,사카이 사쿠조,O052,소속,,회원,1928~,40-1,,대구물어 단독 전거,미대조,,1928-02 조직 회원 명부(총 77명 중 열거분),시기외,,동향·친목
OH0465,사토 슈조,O052,소속,,회원,1928~,40-1,,대구물어 단독 전거,미대조,,1928-02 조직 회원 명부(총 77명 중 열거분),시기외,,동향·친목
OH0466,세노 에이타로,O052,소속,,회원,1928~,40-1,,대구물어 단독 전거,미대조,,1928-02 조직 회원 명부(총 77명 중 열거분),시기외,,동향·친목
OH0467,세노 히로키치,O052,소속,,회원,1928~,40-1,,대구물어 단독 전거,미대조,,1928-02 조직 회원 명부(총 77명 중 열거분),시기외,,동향·친목
OH0468,스기하라 신키치,O052,소속,,회원,1928~,40-1,,대구물어 단독 전거,미대조,,1928-02 조직 회원 명부(총 77명 중 열거분),시기외,,동향·친목
OH0469,시바타 지요키치,O052,소속,,회원,1928~,40-1,,대구물어 단독 전거,미대조,,1928-02 조직 회원 명부(총 77명 중 열거분),시기외,,동향·친목
OH0470,시부사와 슈조,O052,소속,,회원,1928~,40-1,,대구물어 단독 전거,미대조,,1928-02 조직 회원 명부(총 77명 중 열거분),시기외,,동향·친목
OH0471,아오누마 규이치로,O052,소속,,회원,1928~,40-1,,대구물어 단독 전거,미대조,,1928-02 조직 회원 명부(총 77명 중 열거분),시기외,,동향·친목
OH0472,아카시 오토키치,O052,소속,,회원,1928~,40-1,,대구물어 단독 전거,미대조,,1928-02 조직 회원 명부(총 77명 중 열거분),시기외,,동향·친목
OH0473,야마다 우메지로,O052,소속,,회원,1928~,40-1,,대구물어 단독 전거,미대조,,1928-02 조직 회원 명부(총 77명 중 열거분),시기외,,동향·친목
OH0474,야마자키 가도요시,O052,소속,,회원,1928~,40-1,,대구물어 단독 전거,미대조,,1928-02 조직 회원 명부(총 77명 중 열거분),시기외,,동향·친목
OH0475,오가사 구마지로,O052,소속,,회원,1928~,40-1,,대구물어 단독 전거,미대조,,1928-02 조직 회원 명부(총 77명 중 열거분),시기외,,동향·친목
OH0476,오구라 다케노스케,O052,소속,,회원,1928~,40-1,,대구물어 단독 전거,미대조,,1928-02 조직 회원 명부(총 77명 중 열거분),시기외,,동향·친목
OH0477,오니즈카 슈이쓰,O052,소속,,회원,1928~,40-1,,대구물어 단독 전거,미대조,,1928-02 조직 회원 명부(총 77명 중 열거분),시기외,,동향·친목
OH0478,오리토 기요이치,O052,소속,,회원,1928~,40-1,,대구물어 단독 전거,미대조,,1928-02 조직 회원 명부(총 77명 중 열거분),시기외,,동향·친목
OH0479,오에 류타로,O052,소속,,회원,1928~,40-1,,대구물어 단독 전거,미대조,,1928-02 조직 회원 명부(총 77명 중 열거분),시기외,,동향·친목
OH0480,오치 와스케,O052,소속,,회원,1928~,40-1,,대구물어 단독 전거,미대조,,1928-02 조직 회원 명부(총 77명 중 열거분),시기외,,동향·친목
OH0481,요시다 다이조,O052,소속,,회원,1928~,40-1,,대구물어 단독 전거,미대조,,1928-02 조직 회원 명부(총 77명 중 열거분),시기외,,동향·친목
OH0482,요시하라 군타로,O052,소속,,회원,1928~,40-1,,대구물어 단독 전거,미대조,,1928-02 조직 회원 명부(총 77명 중 열거분),시기외,,동향·친목
OH0483,우치다 로쿠로,O052,소속,,회원,1928~,40-1,,대구물어 단독 전거,미대조,,1928-02 조직 회원 명부(총 77명 중 열거분),시기외,,동향·친목
OH0484,우치다 로쿠로,O052,직위,이사·간사,간사,1928~,40-2,,대구물어 단독 전거,미대조,,"사카모토 원문표기 슌스케, 모리나가 원문표기 守泳宗一 등 표준표기로 변환",시기외,3 집행간부·사무회계직,동향·친목
OH0485,이노우에 산고,O052,소속,,회원,1928~,40-1,,대구물어 단독 전거,미대조,,1928-02 조직 회원 명부(총 77명 중 열거분),시기외,,동향·친목
OH0486,이시마쓰 시게키,O052,소속,,회원,1928~,40-1,,대구물어 단독 전거,미대조,,1928-02 조직 회원 명부(총 77명 중 열거분),시기외,,동향·친목
OH0487,이와나가 마지,O052,소속,,회원,1928~,40-1,,대구물어 단독 전거,미대조,,1928-02 조직 회원 명부(총 77명 중 열거분),시기외,,동향·친목
OH0488,이케다 쓰네요시,O052,소속,,회원,1928~,40-1,,대구물어 단독 전거,미대조,,1928-02 조직 회원 명부(총 77명 중 열거분),시기외,,동향·친목
OH0489,하라다 기이치,O052,소속,,회원,1928~,40-1,,대구물어 단독 전거,미대조,,1928-02 조직 회원 명부(총 77명 중 열거분),시기외,,동향·친목
OH0490,하타모토 기헤이,O052,소속,,회원,1928~,40-1,,대구물어 단독 전거,미대조,,1928-02 조직 회원 명부(총 77명 중 열거분),시기외,,동향·친목
OH0491,호쿠조 준조,O052,소속,,회원,1928~,40-1,,대구물어 단독 전거,미대조,,1928-02 조직 회원 명부(총 77명 중 열거분),시기외,,동향·친목
OH0492,후루야 지스케,O052,소속,,회원,1928~,40-1,,대구물어 단독 전거,미대조,,1928-02 조직 회원 명부(총 77명 중 열거분),시기외,,동향·친목
OH0493,후지나와 분준,O052,소속,,회원,1928~,40-1,,대구물어 단독 전거,미대조,,1928-02 조직 회원 명부(총 77명 중 열거분),시기외,,동향·친목
OH0494,마치다 규고,O053,직위,발기인,앞장서 조직,1905,68-1,,대구물어 단독 전거,미대조,,회원제 구락부,민회기(1903~05),10 발기인,동향·친목
OH0495,시모조 에이타로,O053,직위,발기인,앞장서 조직,1905,68-1,,대구물어 단독 전거,미대조,,,민회기(1903~05),10 발기인,동향·친목
OH0496,쓰지 소노지로,O053,직위,발기인,앞장서 조직,1905,68-1,,대구물어 단독 전거,미대조,,,민회기(1903~05),10 발기인,동향·친목
OH0497,가게야마 히데키,O056,직위,부회장,부위원장,1907,72-3,,대구물어 단독 전거,미대조,,1907-01 위촉,민단 제도화기(1906~07),1 대표직,공익
OH0498,가와이 아사오,O056,직위,기타,협찬위원,1907,72-3,,대구물어 단독 전거,미대조,,,민단 제도화기(1906~07),6 위원직,공익
OH0499,구로카와 엔지,O056,직위,기타,협찬위원,1907,72-3,,대구물어 단독 전거,미대조,,,민단 제도화기(1906~07),6 위원직,공익
OH0500,나카에 고로헤이,O056,직위,기타,협찬위원,1907,72-3,,대구물어 단독 전거,미대조,,,민단 제도화기(1906~07),6 위원직,공익
OH0501,나카오지 마사오,O056,직위,회장,위원장,1907,72-3,,대구물어 단독 전거,미대조,,적십자지부·애국부인회지부 합동 서술 — 1907-01 위촉,민단 제도화기(1906~07),1 대표직,공익
OH0502,나카자와 덴노스케,O056,직위,기타,협찬위원,1907,72-3,,대구물어 단독 전거,미대조,,,민단 제도화기(1906~07),6 위원직,공익
OH0503,도쿠라 소로쿠,O056,직위,기타,협찬위원,1907,72-3,,대구물어 단독 전거,미대조,,본문표기 도구라 소로쿠,민단 제도화기(1906~07),6 위원직,공익
OH0504,마스다 도라타,O056,직위,기타,협찬위원,1907,72-3,,대구물어 단독 전거,미대조,,,민단 제도화기(1906~07),6 위원직,공익
OH0505,마에카와 도모지,O056,직위,기타,협찬위원,1907,72-3,,대구물어 단독 전거,미대조,,,민단 제도화기(1906~07),6 위원직,공익
OH0506,마치다 규고,O056,직위,기타,협찬위원,1907,72-3,,대구물어 단독 전거,미대조,,,민단 제도화기(1906~07),6 위원직,공익
OH0507,박중양,O056,직위,기타,협찬위원,1907,72-3,,대구물어 단독 전거,미대조,,,민단 제도화기(1906~07),6 위원직,공익
OH0508,사카이 만지로,O056,직위,기타,협찬위원,1907,72-3,,대구물어 단독 전거,미대조,,,민단 제도화기(1906~07),6 위원직,공익
OH0509,스다 산페이,O056,직위,기타,협찬위원,1907,72-3,,대구물어 단독 전거,미대조,,1907-02 구성 명부,민단 제도화기(1906~07),6 위원직,공익
OH0510,시모다 고키치,O056,직위,기타,협찬위원,1907,72-3,,대구물어 단독 전거,미대조,,,민단 제도화기(1906~07),6 위원직,공익
OH0511,쓰지 소노지로,O056,직위,기타,협찬위원,1907,72-3,,대구물어 단독 전거,미대조,,,민단 제도화기(1906~07),6 위원직,공익
OH0512,쓰치야 히코타로,O056,직위,기타,협찬위원,1907,72-3,,대구물어 단독 전거,미대조,,,민단 제도화기(1906~07),6 위원직,공익
OH0513,오구라 다케노스케,O056,직위,기타,협찬위원,1907,72-3,,대구물어 단독 전거,미대조,,,민단 제도화기(1906~07),6 위원직,공익
OH0514,오카모토 리헤이,O056,직위,부회장,부위원장,1907,72-3,,대구물어 단독 전거,미대조,,1907-01 위촉,민단 제도화기(1906~07),1 대표직,공익
OH0515,와타나베 히스루,O056,직위,기타,협찬위원,1907,72-3,,대구물어 단독 전거,미대조,,,민단 제도화기(1906~07),6 위원직,공익
OH0516,이노우에 다쓰지로,O056,직위,기타,협찬위원,1907,72-3,,대구물어 단독 전거,미대조,,,민단 제도화기(1906~07),6 위원직,공익
OH0517,이와세 시즈카,O056,직위,기타,협찬위원,1907,72-3,,대구물어 단독 전거,미대조,,,민단 제도화기(1906~07),6 위원직,공익
OH0518,이즈미 스에지,O056,직위,기타,협찬위원,1907,72-3,,대구물어 단독 전거,미대조,,,민단 제도화기(1906~07),6 위원직,공익
OH0519,후지나와 분준,O056,직위,기타,협찬위원,1907,72-3,,대구물어 단독 전거,미대조,,,민단 제도화기(1906~07),6 위원직,공익
OH0520,나카네,O057,소속,,음악대원,1909,106-3,,대구물어 단독 전거,미대조,,"신규인물후보 — 본문 '나카네(中根) 모', 이름 미상",확장기(1908~10),,동향·친목
OH0521,나카네(中根),O057,소속,,음악대원,1909,106-3,,대구물어 단독 전거,미대조,,신규인물후보; 성만 표기(中根 모),확장기(1908~10),,동향·친목
OH0522,니시바야시 준스케,O057,소속,,음악대원,1909,106-3,,대구물어 단독 전거,미대조,,급조 음악대 대원,확장기(1908~10),,동향·친목
OH0523,도쿠라 기이치,O057,소속,,음악대원,1909,106-3,,대구물어 단독 전거,미대조,,급조 음악대 대원,확장기(1908~10),,동향·친목
OH0524,사사모토 레이도,O057,소속,,음악대원,1909,106-3,,대구물어 단독 전거,미대조,,급조 음악대 대원,확장기(1908~10),,동향·친목
OH0525,사에키 히코이치,O057,소속,,음악대원,1909,106-3,,대구물어 단독 전거,미대조,,급조 음악대 대원,확장기(1908~10),,동향·친목
OH0526,사카이 가네키치,O057,소속,,음악대원,1909,106-3,,대구물어 단독 전거,미대조,,급조 음악대 대원,확장기(1908~10),,동향·친목
OH0527,스에이시 모스케,O057,소속,,음악대원,1909,106-3,,대구물어 단독 전거,미대조,,급조 음악대 대원,확장기(1908~10),,동향·친목
OH0528,시라타 신스케,O057,직위,기타,악장,1909,106-3,,대구물어 단독 전거,미대조,,"본문 표기 시로타 신스케, 육군기념일용 음악대 | 청년단 음악대 악장(원문 표기 시로타 신스케)",확장기(1908~10),5 전문직능직,동향·친목
OH0529,시모조 에이타로,O057,소속,,음악대원,1909,106-3,,대구물어 단독 전거,미대조,,급조 음악대 대원,확장기(1908~10),,동향·친목
OH0530,아키라,O057,소속,,음악대원,1909,106-3,,대구물어 단독 전거,미대조,,"신규인물후보 — 본문 '아키라(秋良) 모', 이름 미상",확장기(1908~10),,동향·친목
OH0531,아키라(秋良),O057,소속,,음악대원,1909,106-3,,대구물어 단독 전거,미대조,,신규인물후보; 성만 표기(秋良 모),확장기(1908~10),,동향·친목
OH0532,하라 이와타로,O057,소속,,음악대원,1909,106-3,,대구물어 단독 전거,미대조,,급조 음악대 대원,확장기(1908~10),,동향·친목
OH0533,가토 이치로,O058,직위,발기인,발기,1907~1908,86-3;92-1,,대구물어 단독 전거,미대조,,발회식 첫 연설 | 공민회 설립자로 명시,민단 제도화기(1906~07),10 발기인,정치결사
OH0534,미와 조테쓰,O058,직위,발기인,발기,1907~1908,86-3,,대구물어 단독 전거,미대조,,발회식 열변,민단 제도화기(1906~07),10 발기인,정치결사
OH0535,아오키 시게노부,O058,직위,발기인,발기,1907~1908,86-3,,대구물어 단독 전거,미대조,,,민단 제도화기(1906~07),10 발기인,정치결사
OH0536,이노우에 소노스케,O058,직위,발기인,발기,1907~1908,86-3,,대구물어 단독 전거,미대조,,발회식에서 주의·강령 천명,민단 제도화기(1906~07),10 발기인,정치결사
OH0537,가시마 쇼키치,O059,직위,기타,소두,1906,35-2,,대구물어 단독 전거,미대조,,,민단 제도화기(1906~07),3 집행간부·사무회계직,위생·소방·공익
OH0538,다나카 준지,O059,소속,,별대 대원(갈고리 담당),1906,35-2,,대구물어 단독 전거,미대조,,,민단 제도화기(1906~07),,위생·소방·공익
OH0539,도쿠라 소로쿠,O059,직위,기타,관리위원,1905,35-2,,대구물어 단독 전거,미대조,,윤번 소방기구 관리위원; 원문 스다 산폐이는 표준표기로 변환,민회기(1903~05),6 위원직,위생·소방·공익
OH0540,마유미 다다시,O059,직위,기타,관리위원,1905,35-2,,대구물어 단독 전거,미대조,,윤번 소방기구 관리위원; 원문 스다 산폐이는 표준표기로 변환,민회기(1903~05),6 위원직,위생·소방·공익
OH0541,사이토 요시조,O059,직위,기타,관리위원,1905,35-2,,대구물어 단독 전거,미대조,,윤번 소방기구 관리위원; 원문 스다 산폐이는 표준표기로 변환,민회기(1903~05),6 위원직,위생·소방·공익
OH0542,스다 산페이,O059,직위,기타,관리위원,1905,35-2,,대구물어 단독 전거,미대조,,윤번 소방기구 관리위원; 원문 스다 산폐이는 표준표기로 변환,민회기(1903~05),6 위원직,위생·소방·공익
OH0543,스에마쓰 긴지로,O059,직위,기타,소두,1906,35-2,,대구물어 단독 전거,미대조,,,민단 제도화기(1906~07),3 집행간부·사무회계직,위생·소방·공익
OH0544,스즈키 히사지로,O059,직위,단장,조장(組長),1906,35-2,,대구물어 단독 전거,미대조,,1906-01-04 시무식 당시 조직 구성,민단 제도화기(1906~07),3 집행간부·사무회계직,위생·소방·공익
OH0545,스즈키 히사지로,O059,직위,발기인,발기인,1905,35-2,,대구물어 단독 전거,미대조,,,민회기(1903~05),10 발기인,위생·소방·공익
OH0546,시모조 효자부로,O059,직위,기타,별대 부장,1906,35-2,,대구물어 단독 전거,미대조,,,민단 제도화기(1906~07),3 집행간부·사무회계직,위생·소방·공익
OH0547,아베 기노스케,O059,직위,기타,소두(별대),1906,35-2,,대구물어 단독 전거,미대조,,,민단 제도화기(1906~07),3 집행간부·사무회계직,위생·소방·공익
OH0548,우라하마 야스타로,O059,직위,기타,부장(副長),1906,35-2,,대구물어 단독 전거,미대조,,,민단 제도화기(1906~07),3 집행간부·사무회계직,위생·소방·공익
OH0549,우치다 로쿠로,O059,직위,기타,관리위원,1905,35-2,,대구물어 단독 전거,미대조,,윤번 소방기구 관리위원; 원문 스다 산폐이는 표준표기로 변환,민회기(1903~05),6 위원직,위생·소방·공익
OH0550,우치다 로쿠로,O059,직위,발기인,발기인,1905,35-2,,대구물어 단독 전거,미대조,,,민회기(1903~05),10 발기인,위생·소방·공익
OH0551,하라타 요시조,O059,직위,기타,소두(별대),1906,35-2,,대구물어 단독 전거,미대조,,,민단 제도화기(1906~07),3 집행간부·사무회계직,위생·소방·공익
OH0552,가나모리 리키자부로,O061,직위,단장,대구소방조두,1913,39-2,,대구물어 단독 전거,미대조,,,시기외,3 집행간부·사무회계직,위생·소방·공익
OH0553,다나카 준지,O061,직위,기타,소두,~1929,35-2,,대구물어 단독 전거,미대조,,작년(1929)까지 재직,시기외,3 집행간부·사무회계직,위생·소방·공익
OH0554,오카다 기하치,O061,직위,기타,조두,1909경,100-2,,대구물어 단독 전거,미대조,,"달성관 주인, 본문 표기 오카다 지로",확장기(1908~10),3 집행간부·사무회계직,위생·소방·공익
OH0555,가와이 아사오,O062,직위,기타,조사위원,1907,69-3,,대구물어 단독 전거,미대조,,미와 화훼구입 문제 조사·무혐의 보고,민단 제도화기(1906~07),6 위원직,공익(기성회)
OH0556,고미야 히코지,O062,직위,기타,서기,1907,68-2,,대구물어 단독 전거,미대조,,,민단 제도화기(1906~07),3 집행간부·사무회계직,공익(기성회)
OH0557,나카에 고로헤이,O062,직위,이사·간사,간사,1907,68-1;71-1,,대구물어 단독 전거,미대조,,,민단 제도화기(1906~07),3 집행간부·사무회계직,공익(기성회)
OH0558,니시모토 민조,O062,직위,이사·간사,간사,1907,68-1;71-1,,대구물어 단독 전거,미대조,,,민단 제도화기(1906~07),3 집행간부·사무회계직,공익(기성회)
OH0559,서병오,O062,직위,부회장,부회장,1907,68-1;71-1,,대구물어 단독 전거,미대조,,,민단 제도화기(1906~07),1 대표직,공익(기성회)
OH0560,쓰치야 히코타로,O062,직위,이사·간사,간사,1907,68-1;71-1,,대구물어 단독 전거,미대조,,,민단 제도화기(1906~07),3 집행간부·사무회계직,공익(기성회)
OH0561,오구라 다케노스케,O062,직위,이사·간사,간사,1907,68-1;71-1,,대구물어 단독 전거,미대조,,,민단 제도화기(1906~07),3 집행간부·사무회계직,공익(기성회)
OH0563,이노우에 소노스케,O062,직위,기타,사무장,1907,68-2,,대구물어 단독 전거,미대조,,매약 매매 등 부정으로 변상(70-1),민단 제도화기(1906~07),3 집행간부·사무회계직,공익(기성회)
OH0564,이석진,O062,직위,이사·간사,간사,1907,68-1;71-1,,대구물어 단독 전거,미대조,,,민단 제도화기(1906~07),3 집행간부·사무회계직,공익(기성회)
OH0565,이와세 시즈카,O062,직위,회장,회장,1907,68-1;71-1;85-1;92-2,,대구물어 단독 전거,미대조,,"1907-07 이사관 명령으로 기성회 해산(70-1) | 이노우에 소노스케 불상사 처리에 골몰 | 1908-04 간사회 회계검사에서 감독 부실 문책, 회원모집 중지",민단 제도화기(1906~07),1 대표직,공익(기성회)
OH0566,이진호,O063,직위,회장,회장,1911,79-2,,대구물어 단독 전거,미대조,,도장관으로서 추대됨,시기외,1 대표직,위생·소방·공익
OH0567,가미야 도요나리,O065,직위,발기인,발기인,1905,7-2,,대구물어 단독 전거,미대조,,,민회기(1903~05),10 발기인,임시조직
OH0568,가야모리 세이타로,O065,직위,발기인,발기인(가시와모리 세이타로),1905,7-2,,대구물어 단독 전거,미대조,,한자 柏森精太郎 동일·표준표기 적용,민회기(1903~05),10 발기인,임시조직
OH0569,가와시마 규에몬,O065,직위,발기인,발기인,1905,7-2,,대구물어 단독 전거,미대조,,,민회기(1903~05),10 발기인,임시조직
OH0570,고지마 구마노조,O065,직위,발기인,발기인,1905,7-2,,대구물어 단독 전거,미대조,,,민회기(1903~05),10 발기인,임시조직
OH0571,나카니시 다몬,O065,직위,발기인,발기인,1905,7-2,,대구물어 단독 전거,미대조,,,민회기(1903~05),10 발기인,임시조직
OH0572,니시무라 우이치로,O065,직위,발기인,발기인,1905,7-2,,대구물어 단독 전거,미대조,,,민회기(1903~05),10 발기인,임시조직
OH0573,다니구치 세이노스케,O065,직위,발기인,발기인,1905,7-2,,대구물어 단독 전거,미대조,,,민회기(1903~05),10 발기인,임시조직
OH0574,도요타 게이조,O065,직위,발기인,발기인,1905,7-2,,대구물어 단독 전거,미대조,,,민회기(1903~05),10 발기인,임시조직
OH0575,도쿠라 소로쿠,O065,직위,발기인,발기인,1905,7-2,,대구물어 단독 전거,미대조,,이용익 배척 임시대회,민회기(1903~05),10 발기인,임시조직
OH0576,마스다 도라타,O065,직위,발기인,발기인,1905,7-2,,대구물어 단독 전거,미대조,,,민회기(1903~05),10 발기인,임시조직
OH0577,마유미 다다시,O065,직위,발기인,발기인,1905,7-2,,대구물어 단독 전거,미대조,,,민회기(1903~05),10 발기인,임시조직
OH0578,마치다 규고,O065,직위,발기인,발기인,1905,7-2,,대구물어 단독 전거,미대조,,,민회기(1903~05),10 발기인,임시조직
OH0579,미와 조테쓰,O065,직위,발기인,발기인,1905,7-2,,대구물어 단독 전거,미대조,,,민회기(1903~05),10 발기인,임시조직
OH0580,샤쿠오 슌조,O065,직위,발기인,발기인,1905,7-2,,대구물어 단독 전거,미대조,,,민회기(1903~05),10 발기인,임시조직
OH0581,스다 산페이,O065,직위,발기인,발기인,1905,7-2,,대구물어 단독 전거,미대조,,,민회기(1903~05),10 발기인,임시조직
OH0582,스즈키 히사지로,O065,직위,발기인,발기인,1905,7-2,,대구물어 단독 전거,미대조,,,민회기(1903~05),10 발기인,임시조직
OH0583,시노하라 가나메,O065,직위,발기인,발기인(시노하라 가나오),1905,7-2,,대구물어 단독 전거,미대조,,병합맵 적용,민회기(1903~05),10 발기인,임시조직
OH0584,시라타 신스케,O065,직위,발기인,발기인,1905,7-2,,대구물어 단독 전거,미대조,,,민회기(1903~05),10 발기인,임시조직
OH0585,시모다 고키치,O065,직위,발기인,발기인,1905,7-2,,대구물어 단독 전거,미대조,,,민회기(1903~05),10 발기인,임시조직
OH0586,시모즈 사부로,O065,직위,발기인,발기인,1905,7-2,,대구물어 단독 전거,미대조,,,민회기(1903~05),10 발기인,임시조직
OH0587,아키모토 세이타로,O065,직위,발기인,발기인,1905,7-2,,대구물어 단독 전거,미대조,,,민회기(1903~05),10 발기인,임시조직
OH0588,오구라 다케노스케,O065,직위,발기인,발기인,1905,7-2,,대구물어 단독 전거,미대조,,,민회기(1903~05),10 발기인,임시조직
OH0589,오카다 기하치,O065,직위,발기인,발기인(오카다 지로),1905,7-2,,대구물어 단독 전거,미대조,,병합맵 적용,민회기(1903~05),10 발기인,임시조직
OH0590,오카다 데쓰고로,O065,직위,발기인,발기인,1905,7-2,,대구물어 단독 전거,미대조,,,민회기(1903~05),10 발기인,임시조직
OH0591,오카모토 우이치,O065,직위,발기인,발기인,1905,7-2,,대구물어 단독 전거,미대조,,,민회기(1903~05),10 발기인,임시조직
OH0592,오쿠보 다사부로,O065,직위,발기인,발기인,1905,7-2,,대구물어 단독 전거,미대조,,,민회기(1903~05),10 발기인,임시조직
OH0593,오키타 스테지로,O065,직위,발기인,발기인,1905,7-2,,대구물어 단독 전거,미대조,,,민회기(1903~05),10 발기인,임시조직
OH0594,가와이 아사오,O066,소속,,쇄신회 후보자(나),1905,24-3;25-1,,대구물어 단독 전거,미대조,,[시드 표적검증 2026-07-23] 24-3 쇄신회 후보자 명단 열거 + 25-1 본인(가와이 25표) 낙선 서술 — 저자 자신이 쇄신회파 후보였음을 명시,민회기(1903~05),,임시조직
OH0595,오카모토 우이치,O066,소속,,쇄신회 후보자,1905,24-3;25-1,,대구물어 단독 전거,미대조,,[시드 표적검증 2026-07-23] 24-3 '쇄신회 후보자로 … 오카모토 우이치 … 4명을 추천' 명단 열거 + 25-1 '쇄신회파는 모두 낙선' 서술로 쇄신회파 소속 명시,민회기(1903~05),,임시조직
OH0596,오키타 스테지로,O066,직위,발기인,주도·선언서 집필,1905,24-2;24-3,,대구물어 단독 전거,미대조,,,민회기(1903~05),10 발기인,임시조직
OH0597,박중양,O068,직위,부회장,부위원장,1909,101-3,,대구물어 단독 전거,미대조,,순행 봉영·접대 부위원장,확장기(1908~10),1 대표직,임시조직
OH0598,쓰네요시 다다미치,O068,직위,회장,환영위원장,1909,103-1;101-3;104-1,,대구물어 단독 전거,미대조,,순행 환영회 위원장 | 황제 순행 봉영·접대 위원장(환영위원장),확장기(1908~10),1 대표직,임시조직
OH0599,히사미즈 사부로,O068,직위,부회장,부위원장,1909,101-3,,대구물어 단독 전거,미대조,,순행 봉영·접대 부위원장,확장기(1908~10),1 대표직,임시조직
OH0600,가와이 아사오,O069,직위,기타,위원,1909,111-2,,대구물어 단독 전거,미대조,,,확장기(1908~10),6 위원직,임시조직
OH0601,가토 이치로,O069,직위,기타,위원,1909,111-2,,대구물어 단독 전거,미대조,,,확장기(1908~10),6 위원직,임시조직
OH0602,고미야 히코지,O069,직위,기타,위원,1909,111-2,,대구물어 단독 전거,미대조,,,확장기(1908~10),6 위원직,임시조직
OH0603,고우라 도노마루,O069,직위,기타,위원,1909,111-2,,대구물어 단독 전거,미대조,,,확장기(1908~10),6 위원직,임시조직
OH0604,구로카와 엔지,O069,직위,기타,위원,1909,111-2,,대구물어 단독 전거,미대조,,,확장기(1908~10),6 위원직,임시조직
OH0605,기무라 다케타로,O069,직위,기타,위원,1909,111-2,,대구물어 단독 전거,미대조,,,확장기(1908~10),6 위원직,임시조직
OH0606,니시자와 사토루,O069,직위,기타,위원(니시자와 사토시),1909,111-2,,대구물어 단독 전거,미대조,,한자 西澤智로 표준표기 변환,확장기(1908~10),6 위원직,임시조직
OH0607,다케카와 세이지,O069,직위,기타,위원,1909,111-2,,대구물어 단독 전거,미대조,,,확장기(1908~10),6 위원직,임시조직
OH0608,마스다 도라타,O069,직위,기타,위원,1909,111-2,,대구물어 단독 전거,미대조,,민단 소집으로 추천,확장기(1908~10),6 위원직,임시조직
OH0609,마쓰무라 다이스케,O069,직위,기타,위원,1909,111-2,,대구물어 단독 전거,미대조,,,확장기(1908~10),6 위원직,임시조직
OH0610,마에카와 도모지,O069,직위,기타,위원,1909,111-2,,대구물어 단독 전거,미대조,,,확장기(1908~10),6 위원직,임시조직
OH0611,무라카미 도모요시,O069,직위,기타,위원,1909,111-2,,대구물어 단독 전거,미대조,,,확장기(1908~10),6 위원직,임시조직
OH0612,미와 야키치,O069,직위,기타,위원,1909,111-2,,대구물어 단독 전거,미대조,,,확장기(1908~10),6 위원직,임시조직
OH0613,사이토 요시조,O069,직위,기타,위원,1909,111-2,,대구물어 단독 전거,미대조,,,확장기(1908~10),6 위원직,임시조직
OH0614,사카이 만지로,O069,직위,기타,위원,1909,111-2,,대구물어 단독 전거,미대조,,,확장기(1908~10),6 위원직,임시조직
OH0615,사키사카 쇼키치,O069,직위,기타,위원,1909,111-2,,대구물어 단독 전거,미대조,,,확장기(1908~10),6 위원직,임시조직
OH0616,사토 슈조,O069,직위,기타,위원,1909,111-1,,대구물어 단독 전거,미대조,, | [재판정 정정 2026-07-23] 근거절 111-2→111-1(위원 명단 위치),확장기(1908~10),6 위원직,임시조직
OH0617,아오키 시게노부,O069,직위,기타,위원,1909,111-2,,대구물어 단독 전거,미대조,,,확장기(1908~10),6 위원직,임시조직
OH0618,야스카와 와사부로,O069,직위,기타,위원,1909,111-2,,대구물어 단독 전거,미대조,,,확장기(1908~10),6 위원직,임시조직
OH0619,오자키 시즈오,O069,직위,기타,위원,1909,111-2,,대구물어 단독 전거,미대조,,,확장기(1908~10),6 위원직,임시조직
OH0620,와케 헤이지로,O069,직위,기타,위원,1909,111-2,,대구물어 단독 전거,미대조,,,확장기(1908~10),6 위원직,임시조직
OH0621,와타나베 히스루,O069,직위,기타,위원,1909,111-2,,대구물어 단독 전거,미대조,,,확장기(1908~10),6 위원직,임시조직
OH0622,우에다 겐스케,O069,직위,기타,위원,1909,111-2,,대구물어 단독 전거,미대조,,,확장기(1908~10),6 위원직,임시조직
OH0623,우치다 로쿠로,O069,직위,기타,위원,1909,111-2,,대구물어 단독 전거,미대조,,,확장기(1908~10),6 위원직,임시조직
OH0624,이나모토 신신,O069,직위,기타,위원,1909,111-2,,대구물어 단독 전거,미대조,,,확장기(1908~10),6 위원직,임시조직
OH0625,하야시 진시치,O069,직위,기타,위원,1909,111-2,,대구물어 단독 전거,미대조,,,확장기(1908~10),6 위원직,임시조직
OH0626,후쿠나가 도쿠지로,O069,직위,기타,위원,1909,111-2,,대구물어 단독 전거,미대조,,,확장기(1908~10),6 위원직,임시조직
OH0627,후쿠치 기사쿠,O069,직위,기타,위원(후쿠치 요시사쿠),1909,111-2,,대구물어 단독 전거,미대조,,병합맵 적용,확장기(1908~10),6 위원직,임시조직
OH0628,사키사카 쇼키치,O070,직위,기타,부지선정위원,1908,94-4;96-1,,대구물어 단독 전거,미대조,,이후 병사(96-2 언급),확장기(1908~10),6 위원직,임시조직
OH0629,시부사와 슈조,O070,직위,기타,부지선정위원,1908,94-4;96-1,,대구물어 단독 전거,미대조,,,확장기(1908~10),6 위원직,임시조직
OH0630,오구라 다케노스케,O070,직위,기타,부지선정위원,1908,94-4;96-1,,대구물어 단독 전거,미대조,,,확장기(1908~10),6 위원직,임시조직
OH0631,후지나와 분준,O070,직위,기타,부지 매수위원,1908,94-4;96-1,,대구물어 단독 전거,미대조,, | [재판정 정정] 원표기 부지 매수위원,확장기(1908~10),6 위원직,임시조직
OH0632,노세 다쓰고로,O071,직위,기타,영사관 서기생,1884~1885,113-1,,대구물어 단독 전거,미대조,,109-4에는 1900년으로 서술·이후 캐나다 등 총영사,시기외,3 집행간부·사무회계직,기관(관청)
OH0633,마쓰무라,O071,직위,기타,서기,1904,43-3,,대구물어 단독 전거,미대조,,신규인물후보(성만 표기; 인물참조의 마쓰무라 다이스케와 동일인 여부 미확인),민회기(1903~05),3 집행간부·사무회계직,기관(관청)
OH0634,무로타 요시부미,O071,소속,,재직,1884~1885,113-1,,대구물어 단독 전거,미대조,,직명 미상('부산영사관에 있던 시절'),시기외,,기관(관청)
OH0635,아리마 고코,O071,소속,,외무성 순사,1885~,16-3,,대구물어 단독 전거,미대조,,경성영사관 근무 후 부산영사관 전근,시기외,,기관(관청)
OH0636,아리요시 아키라,O071,직위,기타,부산영사,1904~1905,3-2;25-2,,대구물어 단독 전거,미대조,,1904 거류민회 설립 인가·1905 소원 당시 영사(절25-2에서 실명 확인),민회기(1903~05),8 행정관직,기관(관청)
OH0637,고미야 미호마쓰,O072,직위,기타,참여관,1907~,83-2,,대구물어 단독 전거,미대조,,,민단 제도화기(1906~07),8 행정관직,기관(관청)
OH0638,고쿠부,O072,직위,기타,비서관,1907,74-1,,대구물어 단독 전거,미대조,,,민단 제도화기(1906~07),8 행정관직,기관(관청)
OH0639,구라토미 유자부로,O072,직위,기타,참여관,1907~,83-2,,대구물어 단독 전거,미대조,,,민단 제도화기(1906~07),8 행정관직,기관(관청)
OH0640,기우치 주시로,O072,직위,기타,농상공부총장,1906~,44-1;83-2,,대구물어 단독 전거,미대조,,,민단 제도화기(1906~07),8 행정관직,기관(관청)
OH0641,나가하마 모리조,O072,직위,기타,참여관,1907~,83-2,,대구물어 단독 전거,미대조,,,민단 제도화기(1906~07),8 행정관직,기관(관청)
OH0642,나베시마 게이지로,O072,직위,기타,외무총장,1906~,44-1,,대구물어 단독 전거,미대조,,,민단 제도화기(1906~07),8 행정관직,기관(관청)
OH0643,다와라 마고이치,O072,직위,기타,참여관,1907~,83-2,,대구물어 단독 전거,미대조,,,민단 제도화기(1906~07),8 행정관직,기관(관청)
OH0644,마루야마 시게토시,O072,직위,기타,참여관,1907~,83-2,,대구물어 단독 전거,미대조,,,민단 제도화기(1906~07),8 행정관직,기관(관청)
OH0645,마쓰이 시게루,O072,직위,기타,참여관,1907~,83-2,,대구물어 단독 전거,미대조,,,민단 제도화기(1906~07),8 행정관직,기관(관청)
OH0646,소네 아라스케,O072,직위,기타,통감,1909,72-2;83-2;109-2;112-1;112-3,,대구물어 단독 전거,미대조,,소네 통감 시대 3세폐지 문제 언급 | 1909-08 남한 순시·이후 통감 승임 | 1909-06-15 부통감에서 승임 | 1909-06-22 신임 통감 부임(같은 날 대구 통과),확장기(1908~10),8 행정관직,기관(관청)
OH0647,쓰루하라 사다키치,O072,직위,기타,총무장관,1906~,44-1;83-2,,대구물어 단독 전거,미대조,,,민단 제도화기(1906~07),8 행정관직,기관(관청)
OH0648,아라이 겐타로,O072,직위,기타,참여관,1907~,83-2,,대구물어 단독 전거,미대조,,,민단 제도화기(1906~07),8 행정관직,기관(관청)
OH0649,오카키 시치로,O072,직위,기타,경무총장,1906~,44-1,,대구물어 단독 전거,미대조,,원문표기 오카 기시치로(岡喜七郎),민단 제도화기(1906~07),9 경찰·헌병·군,기관(관청)
OH0650,이시즈카 에이조,O072,직위,기타,참여관,1907~,83-2,,대구물어 단독 전거,미대조,,,민단 제도화기(1906~07),8 행정관직,기관(관청)
OH0651,이토 히로부미,O072,직위,기타,통감,1909,13-3;44-1;47-2;83-2;101-1;102-2;103-1;104-1;112-1;105-3;112-3,,대구물어 단독 전거,미대조,,한국 황제 달성산 임행 동행 | 1906-02 부임; 후작 | 차관정치기 통감부 진용 명부 | 황제 남한순행 배종 | 1909-06-15 추밀원 의장 전임·재임 3년 반 | 1909 사임·7-14 경성 떠남; 1909-10-26 하얼빈에서 사망,확장기(1908~10),8 행정관직,기관(관청)
OH0652,하세가와 요시미치,O072,직위,기타,통감대리,1906,42-2,,대구물어 단독 전거,미대조,,1906-02 다도코로 민장 방문 접견,민단 제도화기(1906~07),8 행정관직,기관(관청)
OH0653,나카오지 마사오,O073,직위,기타,이사관,1907,61-2;64-5;71-1;73-1,,대구물어 단독 전거,미대조,,1907-02 착임;1907-07 우지노 부임(70-1),민단 제도화기(1906~07),8 행정관직,기관(관청)
OH0654,노세 다쓰고로,O073,직위,기타,이사관,1909~1910,109-4;113-1,,대구물어 단독 전거,미대조,,1909-06-24 부임·병합 후 전라남도 장관 전임,확장기(1908~10),8 행정관직,기관(관청)
OH0655,다카시마 고하치,O073,직위,기타,속관,1906~,51-1;71-1,,대구물어 단독 전거,미대조,,,민단 제도화기(1906~07),8 행정관직,기관(관청)
OH0656,다키하라 기타로,O073,직위,기타,속관,1906~,51-1;71-1,,대구물어 단독 전거,미대조,,후에 대구복심법원 서기로 전임,민단 제도화기(1906~07),8 행정관직,기관(관청)
OH0657,오다 센,O073,직위,기타,속관,1906~,51-1;71-1,,대구물어 단독 전거,미대조,,전 진해면장,민단 제도화기(1906~07),8 행정관직,기관(관청)
OH0658,오카모토 리헤이,O073,직위,기타,부이사관,1906~1907,38-1;51-1;51-2;53-1;56-3;57-3;64-2;71-1,,대구물어 단독 전거,미대조,,"1906-08 임명, 1907-05 함흥 전근; 원문표기 오카모토 리헤 | 성벽 파괴 협력·상업회의소 창립위원 임명",민단 제도화기(1906~07),8 행정관직,기관(관청)
OH0659,오카모토 마사오,O073,직위,기타,부이사관,1908~,92-3;95-2;98-3;109-4,,대구물어 단독 전거,미대조,,"1908-08 부임, 전 나라지방재판소 판사 | 히사미즈 전임 후 이사관 대리",확장기(1908~10),8 행정관직,기관(관청)
OH0660,우지노 도쿠타로,O073,직위,기타,이사관,1907~,70-1;82-1;88-2;89-2;91-1;92-2;85-3;86-4;88-5;89-3;90-3,,대구물어 단독 전거,미대조,,1907-07 부임·기성회 해산 명령 | 성 '우지노' 표기 — 주찬금 배분·천장절 사회(84-2) | 1908-06-08 진주지방법원 검사로 전임 | 민장 사표 만류·민장 불인가 구두 통보·오키타 퇴한 처분 등,민단 제도화기(1906~07),8 행정관직,기관(관청)
OH0661,히사미즈 사부로,O073,직위,기타,이사관,1908~,92-3;97-1;97-2;98-3;100-2;109-2;109-4;101-3,,대구물어 단독 전거,미대조,,"1908-04-23 부임, 전 시애틀 영사 | 재임 10여 개월·1909-04-20 원산 전임 | 우지노 후임 대구이사관",확장기(1908~10),8 행정관직,기관(관청)
OH0662,히시키 히데이치,O073,직위,기타,속관,1908,97-1;105-1;107-3,,대구물어 단독 전거,미대조,,"검사 사무 담당, 후일 목포·함흥 부윤 | 의원선거 감독관 입회 | 이사청 속관으로 선거 입회",확장기(1908~10),8 행정관직,기관(관청)
OH0663,김직현,O074,직위,기타,관찰사,1899,29-2;50-1,,대구물어 단독 전거,미대조,,달성학교 설립비 100원 기부 | 1893~병합 재임 관찰사 명단; 원문표기 이직현(李稷絃) — 인물참조 확정 이표기,시기외,8 행정관직,기관(관청)
OH0664,다케우치 마키타로,O074,직위,기타,서기관,1908~,93-3;95-2;98-3,,대구물어 단독 전거,미대조,,시오카와 후임,확장기(1908~10),8 행정관직,기관(관청)
OH0665,민영직,O074,직위,기타,세무관,1907,71-1,,대구물어 단독 전거,미대조,,,민단 제도화기(1906~07),8 행정관직,기관(관청)
OH0666,박중양,O074,직위,기타,관찰사 서리,1906,3-1;47-3;50-1;54-4;55-1;71-2;57-1;71-3;92-3;93-3;95-1;98-3;100-2;108-3;111-3;92-4;101-3;104-1,,대구물어 단독 전거,미대조,,"대구 군수 겸직 | 대구군수 겸 서리(1906)→한진창 부임으로 면직→이토 공 지원으로 곧 관찰사 임명 | 성벽 파괴 독단 결행·1907-03 이충구 부임으로 서리 겸직 해제 | 1908-06 경상북도관찰사 전임·1909 십자로 개통 당시 재임 | 1908-06-30 재차 부임, 칙임관 3등 | 본문 '박 관찰사'·건원절 축하식 주최 | 1908-06 지방관 경질 때 대구 재차 부임",민단 제도화기(1906~07),8 행정관직,기관(관청)
OH0667,백남준,O074,직위,기타,참서관,1907,71-1,,대구물어 단독 전거,미대조,,,민단 제도화기(1906~07),8 행정관직,기관(관청)
OH0668,시마다 후미노스케,O074,직위,기타,경찰부장(경시),~1908,93-2;93-3,,대구물어 단독 전거,미대조,,1908-07 평안북도 전임,확장기(1908~10),9 경찰·헌병·군,기관(관청)
OH0669,시오카와 이치타로,O074,직위,기타,서기관(경상북도서기관),1908,41-2;93-3,,대구물어 단독 전거,미대조,,약령시 이전 절충 상대 | 경기도 전임,확장기(1908~10),8 행정관직,기관(관청)
OH0670,신태휴,O074,직위,기타,관찰사,,50-1,,대구물어 단독 전거,미대조,,1893~병합 재임 관찰사 명단; 1904년 도내 초등학교 설립,,8 행정관직,기관(관청)
OH0671,유아사 히데토미,O074,직위,기타,경찰부장,1908~,93-3;98-3,,대구물어 단독 전거,미대조,,1908-07 말 부임,확장기(1908~10),9 경찰·헌병·군,기관(관청)
OH0672,윤헌,O074,직위,기타,관찰사,,50-1,,대구물어 단독 전거,미대조,,1893~병합 재임 관찰사 명단,,8 행정관직,기관(관청)
OH0673,이근호,O074,직위,기타,관찰사,,47-2;50-1,,대구물어 단독 전거,미대조,,역임; 1906 특파대사 부사(육군 부장),,8 행정관직,기관(관청)
OH0674,이용익,O074,직위,기타,관찰사,1905,4-3;7-2;13-2;50-1,,대구물어 단독 전거,미대조,,배일파·1905-04-30 대구 이탈 | 1893~병합 재임 관찰사 명단,민회기(1903~05),8 행정관직,기관(관청)
OH0675,이용직,O074,직위,기타,관찰사,,50-1,,대구물어 단독 전거,미대조,,1893~병합 재임 관찰사 명단,,8 행정관직,기관(관청)
OH0676,이유인,O074,직위,기타,관찰사,,50-1,,대구물어 단독 전거,미대조,,1893~병합 재임 관찰사 명단,,8 행정관직,기관(관청)
OH0677,이윤용,O074,직위,기타,관찰사,,7-2;50-1,,대구물어 단독 전거,미대조,,이용익 전임·친러파로 서술 | 1893~병합 재임 관찰사 명단,,8 행정관직,기관(관청)
OH0678,이중하,O074,직위,기타,관찰사,,50-1,,대구물어 단독 전거,미대조,,1893~병합 재임 관찰사 명단,,8 행정관직,기관(관청)
OH0679,이충구,O074,직위,기타,관찰사,1907~,50-1;71-1;71-2;73-1;92-3,,대구물어 단독 전거,미대조,,1893~병합 재임 관찰사 명단 | 1907-03 부임 | 1907-04-12 취임 피로연 | 본인 청으로 면직,민단 제도화기(1906~07),8 행정관직,기관(관청)
OH0680,이헌영,O074,직위,기타,관찰사,,50-1,,대구물어 단독 전거,미대조,,1893~병합 재임 관찰사 명단,,8 행정관직,기관(관청)
OH0681,장승원,O074,직위,기타,관찰사,,7-2;50-1,,대구물어 단독 전거,미대조,,이윤용 전임(장길용 부친) | 1893~병합 재임 관찰사 명단,,8 행정관직,기관(관청)
OH0682,조병호,O074,직위,기타,관찰사,,50-1,,대구물어 단독 전거,미대조,,1893~병합 재임 관찰사 명단,,8 행정관직,기관(관청)
OH0683,최만달,O074,직위,기타,주사,1904,33-1,,대구물어 단독 전거,미대조,,관찰도 주사,민회기(1903~05),8 행정관직,기관(관청)
OH0684,한진창,O074,직위,기타,관찰사,,50-1,,대구물어 단독 전거,미대조,,1893~병합 재임 관찰사 명단; 부임과 동시에 박중양 서리 면직,,8 행정관직,기관(관청)
OH0685,박중양,O075,직위,기타,대구 군수,1906,3-1;38-1;47-3;49-1;51-1;71-1;71-2;71-3;92-3;93-3,,대구물어 단독 전거,미대조,,"관찰사 서리 겸직·성벽 철거 단행 | 1906-07 임관; 관찰사 서리 겸임 | 이충구 부임 후 군수 전임;1907-06 평남 전출 | 전임기에 성벽 파괴 단행, 평안남도 관찰사로 전출",민단 제도화기(1906~07),8 행정관직,기관(관청)
OH0686,박준효,O076,직위,기타,경무관,1907,71-1,,대구물어 단독 전거,미대조,,,민단 제도화기(1906~07),9 경찰·헌병·군,기관(관청·한국)
OH0687,아리마 고코,O077,직위,기타,경찰서장,1905~1906,13-3;16-3,,대구물어 단독 전거,미대조,,1906년 퇴임,민회기(1903~05),9 경찰·헌병·군,기관(관청)
OH0688,안도 마사지로,O077,직위,기타,경찰서장,1911,79-2,,대구물어 단독 전거,미대조,,대구위생회 조직 주도,시기외,9 경찰·헌병·군,기관(관청)
OH0689,오하타 조,O077,직위,기타,경찰서장,1906~,51-1;71-1,,대구물어 단독 전거,미대조,,이사청 경찰,민단 제도화기(1906~07),9 경찰·헌병·군,기관(관청)
OH0690,후루야 사다조,O077,직위,기타,차석,1906~,51-1;71-1,,대구물어 단독 전거,미대조,,이사청 경찰,민단 제도화기(1906~07),3 집행간부·사무회계직,기관(관청)
OH0691,나가타니 다카시,O078,직위,기타,경시(경무고문),1907~,73-7,,대구물어 단독 전거,미대조,,1907-05 중순 부임,민단 제도화기(1906~07),9 경찰·헌병·군,기관(관청)
OH0692,마루야마 시게토시,O078,직위,기타,경무고문,~1907,83-3,,대구물어 단독 전거,미대조,,전 경무고문·1907-11-11 이사청경찰서 전폐 후 돗토리현 지사로 전임 | [재판정 부분] '전 경무고문' 직위만 명시 — 대구 지부 소속 서술은 없음,민단 제도화기(1906~07),9 경찰·헌병·군,기관(관청)
OH0693,마쓰나가 후사시치,O078,직위,기타,경주 분견소장(경부),1907,71-2,,대구물어 단독 전거,미대조,,분견소 소속 기관은 문맥상 경무계통 귀속,민단 제도화기(1906~07),9 경찰·헌병·군,기관(관청)
OH0694,우메자키 신타로,O078,직위,기타,경부,1907,71-1,,대구물어 단독 전거,미대조,,,민단 제도화기(1906~07),9 경찰·헌병·군,기관(관청)
OH0695,우에마쓰 조마쓰,O078,직위,기타,순사부장,1907,71-2,,대구물어 단독 전거,미대조,,1929 가을 대구 재이주,민단 제도화기(1906~07),9 경찰·헌병·군,기관(관청)
OH0696,이다 아키라,O078,직위,기타,경무고문,1905,28-1;71-1;73-5,,대구물어 단독 전거,미대조,,부임 직후 | 성만 '이다' 표기 — 1907-05 수원 전임(73-7),민회기(1903~05),9 경찰·헌병·군,기관(관청)
OH0697,가와카미 쓰네오,O079,직위,기타,재무감찰관,1907~,64-5;66-1;71-1;79-4;93-2;98-3;99-4;100-2,,대구물어 단독 전거,미대조,,경북·충북 재무감찰 겸 통감부 서기관;66-1에서는 재무감독국장 | 1907-01 재무보좌관 대리 부임→재무감찰관→감독국장·후일 경력(동척이사·은행장)은 미등재,민단 제도화기(1906~07),8 행정관직,기관(관청)
OH0698,사이토 헤이키치,O079,직위,기타,보좌관보,1907,71-1,,대구물어 단독 전거,미대조,,원문 '보자관보',민단 제도화기(1906~07),8 행정관직,기관(관청)
OH0699,야마다 슈조,O079,직위,기타,재무보좌관,1907,71-1,,대구물어 단독 전거,미대조,,,민단 제도화기(1906~07),8 행정관직,기관(관청)
OH0700,이시카와 구스지로,O079,직위,기타,재무관,1908,98-3,,대구물어 단독 전거,미대조,,본문 성만 표기(이시카와 재무관),확장기(1908~10),8 행정관직,기관(관청)
OH0701,이토 쓰네조,O079,직위,기타,재무고문,1905,28-1;49-1,,대구물어 단독 전거,미대조,,부임 직후·O079 전신 재정고문지부 귀속 | 고등관 5등; 전신 재정고문지부,민회기(1903~05),8 행정관직,기관(관청)
OH0702,구니노주 긴지로,O080,직위,기타,기수,1907,71-1,,대구물어 단독 전거,미대조,,,민단 제도화기(1906~07),5 전문직능직,기관(관청)
OH0703,다카누키 세이치,O080,직위,기타,서기,1907,71-1,,대구물어 단독 전거,미대조,,,민단 제도화기(1906~07),3 집행간부·사무회계직,기관(관청)
OH0704,미하라 나오유키,O080,직위,기타,서기,1907,71-1,,대구물어 단독 전거,미대조,,,민단 제도화기(1906~07),3 집행간부·사무회계직,기관(관청)
OH0705,사사마 조,O080,직위,기타,서기,1907,71-1,,대구물어 단독 전거,미대조,,,민단 제도화기(1906~07),3 집행간부·사무회계직,기관(관청)
OH0706,쓰치야 시게사쿠,O080,직위,기타,서기,1907,71-1,,대구물어 단독 전거,미대조,,,민단 제도화기(1906~07),3 집행간부·사무회계직,기관(관청)
OH0707,야기 다쓰마,O080,직위,기타,소장(출장소장),1904-12~,48-2;71-1;92-1,,대구물어 단독 전거,미대조,,법학사; 부산우편국 대구출장소 개칭 시 취임 | 1908-01 경성 전임,민회기(1903~05),8 행정관직,기관(관청)
OH0708,오쿠보 하지메,O080,직위,기타,우편소장,1903-11~,48-1,,대구물어 단독 전거,미대조,,부산우편국 대구우편소장,민회기(1903~05),8 행정관직,기관(관청)
OH0709,이쿠하시 요네사부로,O080,직위,기타,우편국장,1908~,92-1;98-3,,대구물어 단독 전거,미대조,,야기 후임,확장기(1908~10),8 행정관직,기관(관청)
OH0710,히로우치 시게키치,O081,소속,,(직명 미기재),1907,71-1,,대구물어 단독 전거,미대조,,직원록 등재,민단 제도화기(1906~07),,기관(관청)
OH0711,노다 히코지로,O082,직위,기타,조역,1907,71-1,,대구물어 단독 전거,미대조,,,민단 제도화기(1906~07),1 대표직,기관(철도)
OH0712,다카야마 히데오,O082,직위,기타,조역,1907,71-1,,대구물어 단독 전거,미대조,,,민단 제도화기(1906~07),1 대표직,기관(철도)
OH0713,모로네 젠조,O082,직위,기타,조역,1907,71-1,,대구물어 단독 전거,미대조,,,민단 제도화기(1906~07),1 대표직,기관(철도)
OH0714,오카무라 마사오,O082,직위,기타,역장,1907,71-1;73-2,,대구물어 단독 전거,미대조,,2년여 재직 후 1907-04 초량 운수사무소 전출,민단 제도화기(1906~07),8 행정관직,기관(철도)
OH0715,요시노 긴사쿠,O082,직위,기타,조역,1907,71-1,,대구물어 단독 전거,미대조,,,민단 제도화기(1906~07),1 대표직,기관(철도)
OH0716,나카기리 하루타로,O083,직위,기타,기사,1906~,52-2;71-1;98-3,,대구물어 단독 전거,미대조,,본문 성만 표기(나카키리 치도국 기사),민단 제도화기(1906~07),5 전문직능직,기관(관청)
OH0717,하세가와 야소키치,O083,직위,기타,기수,1906~,52-2;71-1,,대구물어 단독 전거,미대조,,,민단 제도화기(1906~07),5 전문직능직,기관(관청)
OH0718,나카타 사부로,O084,직위,기타,기사,1907,52-2;71-1,,대구물어 단독 전거,미대조,,,민단 제도화기(1906~07),5 전문직능직,기관(관청)
OH0719,오노 쇼자부로,O084,직위,기타,기수,1907,52-2;71-1,,대구물어 단독 전거,미대조,,,민단 제도화기(1906~07),5 전문직능직,기관(관청)
OH0720,하치야 겐,O085,직위,기타,소장,1907~1908,72-1,,대구물어 단독 전거,미대조,,초대 측후소장·1908-04까지 근무,민단 제도화기(1906~07),8 행정관직,기관(관청)
OH0721,후쿠타 가쿠헤이,O085,직위,기타,소장,1908~1913,72-1,,대구물어 단독 전거,미대조,,2대 소장·집필시점 부산측후소장(후일 경력은 미등재),확장기(1908~10),8 행정관직,기관(관청)
OH0722,고미 잇페이,O086,직위,기타,판사,1908~,93-1,,대구물어 단독 전거,미대조,,,확장기(1908~10),7 사법,기관(관청)
OH0723,구로카와 미노루,O086,직위,기타,검사장,1908~,93-1;98-3;100-2;109-1,,대구물어 단독 전거,미대조,,본문 표기 구로카와 조(黒川穰) | 연수입 6천 원 이상 1등급,확장기(1908~10),7 사법,기관(관청)
OH0724,나카무라 다카나오,O086,직위,기타,판사,1908~,93-1,,대구물어 단독 전거,미대조,,,확장기(1908~10),7 사법,기관(관청)
OH0725,다나카 요시하루,O086,직위,기타,판사,1908~,93-1,,대구물어 단독 전거,미대조,,,확장기(1908~10),7 사법,기관(관청)
OH0726,다키하라 기타로,O086,직위,기타,서기,,51-1,,대구물어 단독 전거,미대조,,대구복심법원 서기로 전임,,3 집행간부·사무회계직,기관(관청)
OH0727,데라카와 산조,O086,직위,기타,판사,1908~,93-1,,대구물어 단독 전거,미대조,,,확장기(1908~10),7 사법,기관(관청)
OH0728,도리야마 고야타,O086,직위,기타,대구지방재판소 초대 소장,1908~,63-3;93-1;98-3,,대구물어 단독 전거,미대조,,,확장기(1908~10),7 사법,기관(관청)
OH0729,도요타 슌스케,O086,직위,기타,검사,1908~,93-1,,대구물어 단독 전거,미대조,,,확장기(1908~10),7 사법,기관(관청)
OH0730,도이 요타로,O086,직위,기타,대구공소원장,1908~,93-1;98-3;109-1,,대구물어 단독 전거,미대조,,98-3에서는 '검사장'으로 표기(본문 오기로 보임) | 연수입 6천 원 이상 1등급,확장기(1908~10),7 사법,기관(관청)
OH0731,마쓰시타 나오미,O086,직위,기타,법무보좌관,1907~,63-3;64-5;71-1;93-2;98-3,,대구물어 단독 전거,미대조,,1907-01-26 착임;직원록상 경북재판소 항목 | 도리야마 후임 | 법무보좌관에서 전임,민단 제도화기(1906~07),7 사법,기관(관청)
OH0732,마쓰시타 나오히데,O086,직위,기타,대구지방법원 부장판사,,63-3,,대구물어 단독 전거,미대조,,1930 현재;나오미의 아들,,7 사법,기관(관청)
OH0733,마에자와 마사미,O086,직위,기타,판사,1908~,93-1,,대구물어 단독 전거,미대조,,,확장기(1908~10),7 사법,기관(관청)
OH0734,모리우라 구마조,O086,직위,기타,검사,1908~,93-1,,대구물어 단독 전거,미대조,,,확장기(1908~10),7 사법,기관(관청)
OH0735,사이토 소시로,O086,직위,기타,판사,1908~,93-1,,대구물어 단독 전거,미대조,,,확장기(1908~10),7 사법,기관(관청)
OH0736,오무라 모토요,O086,직위,기타,검사,1908~,93-1,,대구물어 단독 전거,미대조,,,확장기(1908~10),7 사법,기관(관청)
OH0737,요시다 유로쿠로,O086,직위,기타,검사정,1908~,93-1;98-3,,대구물어 단독 전거,미대조,,,확장기(1908~10),7 사법,기관(관청)
OH0738,육종만,O086,직위,기타,검사,1907,71-1,,대구물어 단독 전거,미대조,,직원록상 경북재판소,민단 제도화기(1906~07),7 사법,기관(관청)
OH0739,이우라 요시히사,O086,직위,기타,판사,1908~,93-1,,대구물어 단독 전거,미대조,,,확장기(1908~10),7 사법,기관(관청)
OH0740,히자쓰키 마스키치,O086,직위,기타,통역관(복심법원),1913,39-2,,대구물어 단독 전거,미대조,,,시기외,5 전문직능직,기관(관청)
OH0741,모리타 로쿠오,O088,직위,기타,주임,1907~,73-2,,대구물어 단독 전거,미대조,,,민단 제도화기(1906~07),3 집행간부·사무회계직,기관(관청)
OH0742,이토 구마사부로,O088,직위,기타,기수,1907~,73-2,,대구물어 단독 전거,미대조,,,민단 제도화기(1906~07),5 전문직능직,기관(관청)
OH0743,아카쿠라 야타로,O091,직위,기타,대장(중위),1907,71-1,,대구물어 단독 전거,미대조,,,민단 제도화기(1906~07),9 경찰·헌병·군,기관(군)
OH0744,야마다(수비대장),O091,직위,기타,수비대장(중위),1905,13-3,,대구물어 단독 전거,미대조,,히타카 후임,민회기(1903~05),9 경찰·헌병·군,기관(군)
OH0745,에이 산타로,O091,직위,기타,소위,1907,71-1,,대구물어 단독 전거,미대조,,,민단 제도화기(1906~07),9 경찰·헌병·군,기관(군)
OH0746,히타카 사이지,O091,직위,기타,수비대장(육군대위),1905,7-3;13-2,,대구물어 단독 전거,미대조,,이용익 배척 사건·달성산 개간 담판 중재,민회기(1903~05),9 경찰·헌병·군,기관(군)
OH0747,곤지,O092,직위,기타,헌병보조원,1907,78-3,,대구물어 단독 전거,미대조,,신규인물후보 — 흥해 주재·인용 토벌기록,민단 제도화기(1906~07),9 경찰·헌병·군,기관(군)
OH0748,마유미 다다시,O092,소속,,헌병,1903~,14-1,,대구물어 단독 전거,미대조,,1903년 말 헌병으로 대구 이주,민회기(1903~05),,기관(군)
OH0749,시바타,O092,직위,기타,헌병보조원,1907,78-3,,대구물어 단독 전거,미대조,,신규인물후보 — 흥해 주재·인용 토벌기록,민단 제도화기(1906~07),9 경찰·헌병·군,기관(군)
OH0750,후지모토,O092,직위,기타,헌병보조원,1907,78-3,,대구물어 단독 전거,미대조,,신규인물후보 — 인용 토벌기록,민단 제도화기(1906~07),9 경찰·헌병·군,기관(군)
OH0751,나적,O093,직위,기타,정위(正尉),1907,71-1,,대구물어 단독 전거,미대조,,신규인물후보,민단 제도화기(1906~07),9 경찰·헌병·군,기관(군·한국)
OH0752,양재훈,O093,직위,기타,대장(참령),1907,71-1,,대구물어 단독 전거,미대조,,,민단 제도화기(1906~07),9 경찰·헌병·군,기관(군·한국)
OH0753,원은상,O093,직위,기타,부관,1907,71-1,,대구물어 단독 전거,미대조,,,민단 제도화기(1906~07),9 경찰·헌병·군,기관(군·한국)
OH0754,나카무라 신로쿠,O095,직위,기타,중위,~1909,111-3,,대구물어 단독 전거,미대조,,공로 장교 명단,확장기(1908~10),9 경찰·헌병·군,기관(군)
OH0755,니노미야 규지,O095,직위,기타,전임 대위,~1909,111-3,,대구물어 단독 전거,미대조,,전임,확장기(1908~10),9 경찰·헌병·군,기관(군)
OH0756,쓰네요시 다다미치,O095,직위,기타,여단장(소장),1907~,82-3;93-2;98-3;99-4;100-2;103-1;107-1;111-3,,대구물어 단독 전거,미대조,,제2연대장에서 소장 승진·요다 후임 | 1909 귀환·107-2 열병 | 공로 장교 명단; 순행 봉영위원장 겸(101-3),민단 제도화기(1906~07),9 경찰·헌병·군,기관(군)
OH0757,요다 고타로,O095,직위,기타,사령관(여단장·소장),1907,73-6;111-3,,대구물어 단독 전거,미대조,,본문표기 요다 히로타로(依田廣太郎) — 1907-11 제1사단 제1여단장 전임(82-3) | 전임 여단장,민단 제도화기(1906~07),9 경찰·헌병·군,기관(군)
OH0758,히지카타 기요시,O095,직위,기타,부관(대위),~1909,111-3,,대구물어 단독 전거,미대조,,공로 장교 명단,확장기(1908~10),9 경찰·헌병·군,기관(군)
OH0759,가와미치 노부타쓰,O096,직위,기타,조장(曹長),~1909,110-3,,대구물어 단독 전거,미대조,,폭도 진압 중 전몰자 | 전몰자(충혼제 제향 대상),확장기(1908~10),9 경찰·헌병·군,기관(군)
OH0760,기쿠치 슈덴,O096,직위,기타,연대장(대좌),1907~,73-6;98-3;99-4;100-2;110-3;111-3,,대구물어 단독 전거,미대조,,1907-11 천장절 당시 제12여단장 대리 겸(84-2·84-3) | 본문 성만 표기(기쿠치 대좌·연대장) | 1909 귀환·107-2 관병식 지휘관 | 1909-05-28 충혼제 제주; 1909 귀환,민단 제도화기(1906~07),9 경찰·헌병·군,기관(군)
OH0761,도미타 이타루,O096,직위,기타,1등 군의,1908~,96-2,,대구물어 단독 전거,미대조,,마쓰모토 후임,확장기(1908~10),9 경찰·헌병·군,기관(군)
OH0762,마쓰모토 시게마사,O096,직위,기타,3등 군의정,1907~1908,96-2,,대구물어 단독 전거,미대조,,1908-12 도쿄 제1위수병원 영전,민단 제도화기(1906~07),9 경찰·헌병·군,기관(군)
OH0763,아카시 야스이치로,O096,직위,기타,제1대대장(소좌),~1909,111-3,,대구물어 단독 전거,미대조,,공로 장교 명단,확장기(1908~10),9 경찰·헌병·군,기관(군)
OH0764,야스다 구스지,O096,직위,기타,부관(대위),~1909,111-3,,대구물어 단독 전거,미대조,,공로 장교 명단,확장기(1908~10),9 경찰·헌병·군,기관(군)
OH0765,요시다 가쓰사부로,O096,직위,기타,소좌,~1909,111-3,,대구물어 단독 전거,미대조,,공로 장교 명단,확장기(1908~10),9 경찰·헌병·군,기관(군)
OH0766,이사와 이와헤이,O096,직위,기타,제3대대장(소좌),~1909,107-1;111-3,,대구물어 단독 전거,미대조,,본문 이자와 이와히라(井澤岩平)로 표기·107-2 야전훈련 심판관 | 공로 장교 명단(원문 표기 이자와 이와히라),확장기(1908~10),9 경찰·헌병·군,기관(군)
OH0767,하야시 한스케,O096,직위,기타,소좌,~1909,111-3,,대구물어 단독 전거,미대조,,'동' 표기 | 공로 장교 명단,확장기(1908~10),9 경찰·헌병·군,기관(군)
OH0768,후와 다로시치,O096,직위,기타,제2대대장(소좌),~1909,111-3,,대구물어 단독 전거,미대조,,공로 장교 명단,확장기(1908~10),9 경찰·헌병·군,기관(군)
OH0769,니시무라 다케지로,O097,직위,기타,3등 주계정,1909~,111-1,,대구물어 단독 전거,미대조,,,확장기(1908~10),9 경찰·헌병·군,기관(군)
OH0770,마쓰다 젠에이,O097,직위,기타,부관(대위),1909~,111-1,,대구물어 단독 전거,미대조,,,확장기(1908~10),9 경찰·헌병·군,기관(군)
OH0771,미와 미쓰기,O097,직위,기타,연대장(대좌),1909~,111-1,,대구물어 단독 전거,미대조,,제2연대 본부 대구 설치(111-3에는 제1연대장으로 표기),확장기(1908~10),9 경찰·헌병·군,기관(군)
OH0772,아다치 겐조,O097,직위,기타,부관(대위),1909~,111-1,,대구물어 단독 전거,미대조,,,확장기(1908~10),9 경찰·헌병·군,기관(군)
OH0773,야마다 고지,O097,직위,기타,3등 군의정,1909~,111-1,,대구물어 단독 전거,미대조,,,확장기(1908~10),9 경찰·헌병·군,기관(군)
OH0774,와타나베 스이사이,O097,직위,기타,사령관(소장),1909~,111-1,,대구물어 단독 전거,미대조,,1909-06-02 착임,확장기(1908~10),9 경찰·헌병·군,기관(군)
OH0775,와타나베(渡邊),O097,직위,기타,파견사령관(소장),1909~,111-3,,대구물어 단독 전거,미대조,,신규인물후보; 성만 표기·야나가와 구 번사 출신,확장기(1908~10),9 경찰·헌병·군,기관(군)
OH0776,우메다 이와키,O097,직위,기타,부관(소좌),1909~,111-1,,대구물어 단독 전거,미대조,,,확장기(1908~10),9 경찰·헌병·군,기관(군)
OH0777,호리케 도라조,O105,직위,지배인,지점장,,108-2,,대구물어 단독 전거,미대조,,전직 국회의원,,4 상업·경영직,경제
OH0778,도조 쇼헤이,O106,직위,기타,경영,,108-2,,대구물어 단독 전거,미대조,,,,4 상업·경영직,경제
OH0779,가메야마 리헤타로,O107,직위,기타,이사관,1909,110-3,,대구물어 단독 전거,미대조,,충혼제 참례 당시 부산이사관 | 부산이사관으로 충혼제 참례,확장기(1908~10),8 행정관직,기관(관청)
OH0780,나가이 고타로,O108,직위,지배인,주임,1905,12-3,,대구물어 단독 전거,미대조,,,민회기(1903~05),4 상업·경영직,경제
OH0781,나카가와 다헤이,O108,소속,,도미시마구미 재직,1905,12-3,,대구물어 단독 전거,미대조,,저자 회고 기억,민회기(1903~05),,경제
OH0782,나카무라 기이치,O109,직위,사장,경영자,1907~,64-4,,대구물어 단독 전거,미대조,,1907-04 개업;하나야 여관·부산 가게쓰 주인 겸업,민단 제도화기(1906~07),4 상업·경영직,경제(극장)
OH0783,니시야마 쓰루키치,O110,직위,기타,사무원,1907,72-1,,대구물어 단독 전거,미대조,,권상장 사무원·당시 중개업,민단 제도화기(1906~07),3 집행간부·사무회계직,경제
OH0784,시부사와 슈조,O111,소속,,경리,1904경,96-1,,대구물어 단독 전거,미대조,,'들었다'는 전문 서술,민회기(1903~05),,경제
OH0785,시부사와 에이치,O111,직위,회장,이사 겸 회장,1905,4-3,,대구물어 단독 전거,미대조,,경부철도회사,민회기(1903~05),1 대표직,경제
OH0786,오구라 다케노스케,O111,소속,,경리,1904경,96-1,,대구물어 단독 전거,미대조,,'들었다'는 전문 서술,민회기(1903~05),,경제
OH0787,후지나와 분준,O111,소속,,철도의,1904경,96-1,,대구물어 단독 전거,미대조,,,민회기(1903~05),,경제
OH0788,후지나와 분준,O111,직위,기타,철도촉탁의,1905,6-2,,대구물어 단독 전거,미대조,,병원 운영 겸,민회기(1903~05),5 전문직능직,경제
OH0789,쓰지 소노지로,O112,직위,기타,사변사(농상공부 탈곡기배부사무국 경상북도 사변사),1904~,33-1,,대구물어 단독 전거,미대조,,고등관 대우 한국 관원,민회기(1903~05),3 집행간부·사무회계직,기관(관청)
OH0790,히다카(출장원),O112,직위,기타,출장원,,32-3,,대구물어 단독 전거,미대조,,전남에서 살해됨,,3 집행간부·사무회계직,기관(관청)
OH0791,오구라 다케노스케,O113,직위,평의원·의원,평의원,1905,63-2,,대구물어 단독 전거,미확인,,1905-08 취임·3~4개월 재임 후 사퇴,민회기(1903~05),2 의결직,행정·자치
OH0792,가게야마 히데키,,직위,사장,은행장,,53-1,,대구물어 단독 전거,미대조,,미매핑:시즈오카 농공은행; 전직,,4 상업·경영직,관외:일본 본국
OH0793,가게야마 히데키,,직위,평의원·의원,대의사·중의원,,51-1;53-1,,대구물어 단독 전거,미대조,,미매핑:일본 중의원; 전직(시즈오카현 선출),,2 의결직,관외:일본 본국
OH0794,가미모리 겐자부로,,소속,,출자자,,43-1,,대구물어 단독 전거,미대조,,미매핑:만한매약상회(부산),,,관외:기업·언론
OH0795,가쓰라 다로,,직위,기타,육군대장,1907,80-2,,대구물어 단독 전거,미대조,,미매핑:일본육군 — 황태자 수행,민단 제도화기(1906~07),9 경찰·헌병·군,관외:일본군
OH0796,가와노 데쓰지로,,직위,기타,전임 부관(대위),,111-3,,대구물어 단독 전거,미대조,,미매핑:보병 제47연대; 전임,,9 경찰·헌병·군,관외:일본군
OH0797,가와우치,,직위,기타,재무관보,1907,78-3,,대구물어 단독 전거,미대조,,미매핑(재무관서 불명) — 신규인물후보,민단 제도화기(1906~07),8 행정관직,불명
OH0798,가와이 아사오,,직위,기타,경영,1931,114-3,,대구물어 단독 전거,미대조,,미매핑:조선민보(O032 후신)·집필 시점 현재,시기외,4 상업·경영직,관외:기업·언론
OH0799,가토,,직위,기타,궁중 고문,1906~,44-1,,대구물어 단독 전거,미대조,,"미매핑:한국 궁중; 신규인물후보(성만 표기, 가토 이치로와 별개 추정)",민단 제도화기(1906~07),8 행정관직,관외:한국 관청
OH0800,고가 쇼지,,직위,기자,기자,~1908,99-4,,대구물어 단독 전거,미대조,,미매핑:부산일보 — 전 부산일보 기자,확장기(1908~10),5 전문직능직,관외:기업·언론
OH0801,고미야 미호마쓰,,직위,기타,궁내부차관,1907~,83-3,,대구물어 단독 전거,미대조,,미매핑:궁내부,민단 제도화기(1906~07),8 행정관직,관외:한국 관청
OH0802,고영희,,직위,기타,탁지부대신,1907~,74-1,,대구물어 단독 전거,미대조,,미매핑:탁지부 — 양위 반대(76-1),민단 제도화기(1906~07),8 행정관직,관외:한국 관청
OH0803,고의경,,직위,기타,궁내부 예식과장,1907,75-1,,대구물어 단독 전거,미대조,,미매핑:궁내부 — 신규인물후보,민단 제도화기(1906~07),8 행정관직,관외:한국 관청
OH0804,고토 진키치,,직위,부회장,부회장,1909~,110-1,,대구물어 단독 전거,미대조,,미매핑:부산일본인상업회의소,확장기(1908~10),1 대표직,관외:일본 본국
OH0805,구노 주키치,,직위,기타,서기장,1907,64-2,,대구물어 단독 전거,미대조,,미매핑:부산상업회의소;당시 재임,민단 제도화기(1906~07),3 집행간부·사무회계직,관외:결사·자치
OH0806,구노 주키치,,직위,주필,편집국장,1914~1928,64-2,,대구물어 단독 전거,미대조,,미매핑:조선민보(O032 후신);1928-06-30 병사,시기외,5 전문직능직,관외:기업·언론
OH0807,구라토미 유자부로,,직위,기타,법부차관,1907~,83-3,,대구물어 단독 전거,미대조,,미매핑:법부,민단 제도화기(1906~07),8 행정관직,관외:한국 관청
OH0808,구로카와 엔지,,소속,,야마구치 상회의 구로카와 엔지,,73-4,,대구물어 단독 전거,미대조,,미매핑:야마구치상회 — 자영·고용 여부 불명,,,관외:일본 본국
OH0809,권중현,,직위,기타,농상공부대신,1905,38-2,,대구물어 단독 전거,미대조,,미매핑:한국정부 내각,민회기(1903~05),8 행정관직,관외:한국 관청
OH0810,기우치 주시로,,직위,기타,내부차관,1907~,83-3,,대구물어 단독 전거,미대조,,미매핑:내부 — 신협약 제5조 추천 임명,민단 제도화기(1906~07),8 행정관직,관외:한국 관청
OH0811,기쿠치 겐조,,직위,사장,사장,,45-1,,대구물어 단독 전거,미대조,,미매핑:대동신보; 원문표기 기쿠치 나가후(병합맵 적용),,4 상업·경영직,관외:기업·언론
OH0812,기쿠카와 게이운,,직위,이사·간사,금융조합 이사,1910~,30-1,,대구물어 단독 전거,미대조,,미매핑:금융조합(함창); 한일병합 후,확장기(1908~10),3 집행간부·사무회계직,관외:기업·언론
OH0813,김승문,,직위,기타,비서감승,,61-1,,대구물어 단독 전거,미대조,,신규인물후보;미매핑:한국 궁중 비서감,,8 행정관직,관외:한국 관청
OH0814,김영필,,직위,기타,탁지부 기수,1907,78-2,,대구물어 단독 전거,미대조,,미매핑:탁지부,민단 제도화기(1906~07),5 전문직능직,관외:한국 관청
OH0815,나가에 요시마사,,직위,기타,경성지국장,,30-2,,대구물어 단독 전거,미대조,,미매핑:오사카마이니치신문; 현재(1930),,8 행정관직,관외:일본 본국
OH0816,나가타 기겐,,직위,평의원·의원,시회의원,,43-2,,대구물어 단독 전거,미대조,,미매핑:도쿄시회,,2 의결직,관외:일본 본국
OH0817,나가하마 모리조,,직위,기타,총세무사,1907~,83-3,,대구물어 단독 전거,미대조,,미매핑:총세무사,민단 제도화기(1906~07),8 행정관직,관외:한국 관청
OH0818,나마타메 신,,직위,기타,연대장(대좌),,111-3,,대구물어 단독 전거,미대조,,미매핑:보병 제47연대,,9 경찰·헌병·군,관외:일본군
OH0819,나이토,,직위,기타,부관,1907,81-1,,대구물어 단독 전거,미대조,,미매핑:한국주차군(하세가와 대장과 병기),민단 제도화기(1906~07),9 경찰·헌병·군,관외:일본군
OH0820,나카이 긴조,,소속,,재직,,45-1,,대구물어 단독 전거,미대조,,미매핑:한성신보,,,관외:기업·언론
OH0821,나카자와 덴노스케,,직위,지배인,대구지점장,,58-1,,대구물어 단독 전거,미대조,,미매핑:다카세상점(부산),,4 상업·경영직,관외:기업·언론
OH0822,나카하라 후사이치,,직위,기타,순회기사,,66-3,,대구물어 단독 전거,미대조,,미매핑:야마구치현 군농회;대구 이주 전(기록 인용),,5 전문직능직,관외:일본 본국
OH0823,노구치 히로키,,직위,지배인,지배인,,110-1,,대구물어 단독 전거,미대조,,미매핑:제일은행 부산지점(역임),,4 상업·경영직,관외:기업·언론
OH0824,노구치 히로키,,직위,회장,회장,1909~,110-1,,대구물어 단독 전거,미대조,,미매핑:부산일본인상업회의소,확장기(1908~10),1 대표직,관외:일본 본국
OH0825,노무라,,직위,기타,참모장,1909,103-1,,대구물어 단독 전거,미대조,,"신규인물후보 — 미매핑:제2함대, 인물참조의 노무라 후사요시와 동일인 여부 불명",확장기(1908~10),9 경찰·헌병·군,관외:일본군
OH0826,노사카,,직위,기타,총무,1930,91-2,,대구물어 단독 전거,미대조,,미매핑:조선민보 — 집필 시점 현직,시기외,3 집행간부·사무회계직,관외:기업·언론
OH0827,노세 다쓰고로,,직위,기타,인천영사,~1899,113-1,,대구물어 단독 전거,미대조,,미매핑:인천영사관,시기외,8 행정관직,관외:영사관
OH0828,노세 다쓰고로,,직위,기타,장관,1910~,113-1,,대구물어 단독 전거,미대조,,미매핑:전라남도·한일병합 직후 임명·광주 관사에서 사망,확장기(1908~10),8 행정관직,관외:한국 관청
OH0829,노즈,,직위,기타,군부 고문,1906~,44-1,,대구물어 단독 전거,미대조,,미매핑:한국 군부; 신규인물후보(성만 표기),민단 제도화기(1906~07),8 행정관직,관외:한국 관청
OH0830,니시모토 민조,,직위,기타,대장성 관리,,58-1,,대구물어 단독 전거,미대조,,미매핑:대장성(일본);대구 이주(1904) 전 경력,,8 행정관직,관외:일본 본국
OH0831,다니 히코이치,,직위,평의원·의원,귀족원 의원,,97-3,,대구물어 단독 전거,미대조,,미매핑:귀족원(일본); 당선 서술·후쿠오카현 거액 납세자,,2 의결직,관외:일본 본국
OH0832,다무라 곤조,,직위,사장,주인,,97-3,,대구물어 단독 전거,미대조,,미매핑:야마토(大和)양행 정미소; 구루메 출신,,4 상업·경영직,관외:일본 본국
OH0833,다와라 마고이치,,직위,기타,학부차관,1907~,83-3,,대구물어 단독 전거,미대조,,미매핑:학부,민단 제도화기(1906~07),8 행정관직,관외:한국 관청
OH0834,다케자키 로쿠지로,,직위,기타,부윤,1911,79-2,,대구물어 단독 전거,미대조,,미매핑:대구부 — 성만 '다케자키' 표기,시기외,8 행정관직,관외:한국 관청
OH0835,다케카와 세이지,,직위,지배인,지배인,,110-1,,대구물어 단독 전거,미대조,,미매핑:제일은행 부산지점(역임),,4 상업·경영직,관외:기업·언론
OH0836,다하타,,직위,기타,원무 담당(의학사),,67-3,,대구물어 단독 전거,미대조,,신규인물후보;성만 표기;후지나와 개업 동인의원 원무,,5 전문직능직,관외:기업·언론
OH0837,데와 시게토,,직위,기타,사령장관(중장),1909,103-1,,대구물어 단독 전거,미대조,,미매핑:제2함대,확장기(1908~10),8 행정관직,관외:일본군
OH0838,도고 헤이하치로,,직위,기타,해군대장,1907,80-2,,대구물어 단독 전거,미대조,,미매핑:일본해군 — 황태자 수행,민단 제도화기(1906~07),9 경찰·헌병·군,관외:일본군
OH0839,도미오카,,직위,기타,연습함대 사령관(중장),1907,75-1,,대구물어 단독 전거,미대조,,미매핑:연습함대 — 신규인물후보,민단 제도화기(1906~07),9 경찰·헌병·군,관외:일본군
OH0840,도카노 시게오,,직위,사장,사장,1909,110-3,,대구물어 단독 전거,미대조,,미매핑:대한일보(경성),확장기(1908~10),4 상업·경영직,관외:한국 관청
OH0841,마루야마 시게토시,,직위,기타,경무 고문,1906~,44-1,,대구물어 단독 전거,미대조,,"미매핑:한국 경무; 원문 성만 표기(丸山), 인물참조 마루야마 시게토시로 판독",민단 제도화기(1906~07),9 경찰·헌병·군,관외:한국 관청
OH0842,마루야마 시게토시,,직위,기타,경시총감,1907~,83-3,,대구물어 단독 전거,미대조,,미매핑:경시청,민단 제도화기(1906~07),9 경찰·헌병·군,관외:일본 본국
OH0843,마스다 노부유키,,소속,,탁지부 근무(화폐주조 담당),1904~,32-1,,대구물어 단독 전거,미대조,,미매핑:탁지부(전환국),민회기(1903~05),,관외:한국 관청
OH0844,마스다 노부유키,,직위,기타,소유주,,32-1,,대구물어 단독 전거,미대조,,미매핑:마스다은행,,4 상업·경영직,관외:기업·언론
OH0845,마스다 노부유키,,직위,평의원·의원,의원,,32-1,,대구물어 단독 전거,미대조,,미매핑:오사카상업회의소; 초빙 당시,,2 의결직,관외:일본 본국
OH0846,마쓰시타 나오미,,직위,기타,후쿠오카 시장,,63-3,,대구물어 단독 전거,미대조,,미매핑:후쿠오카시;대구 부임 전 역임,,8 행정관직,관외:일본 본국
OH0847,마쓰시타 나오미,,직위,기타,법무보좌관,1907,84-3,,대구물어 단독 전거,미대조,,성만 '마쓰시타' 표기 — 소속 기관 미기재,민단 제도화기(1906~07),7 사법,불명
OH0848,마쓰이 시게루,,직위,기타,경무국장,1907~,83-3,,대구물어 단독 전거,미대조,,미매핑:경무국,민단 제도화기(1906~07),9 경찰·헌병·군,관외:한국 관청
OH0849,마에카와 도모지,,직위,기타,경영,,33-2,,대구물어 단독 전거,미대조,,미매핑:곤도(近藤) 지점,,4 상업·경영직,관외:기업·언론
OH0850,마치다 사타오,,직위,기타,운영(공장주),1912무렵,73-4,,대구물어 단독 전거,미대조,,미매핑:자구리제사공장,시기외,4 상업·경영직,관외:기업·언론
OH0851,마키 신이치,,직위,기타,요정 도쿄관 경영,,26-3,,대구물어 단독 전거,미대조,,미매핑:도쿄관·저자 회고 기억,,4 상업·경영직,관외:일본 본국
OH0852,메가타 다네타로,,직위,기타,한국 재정고문,1904~,15-3,,대구물어 단독 전거,미대조,,미매핑:한국정부(재정고문),민회기(1903~05),8 행정관직,관외:한국 관청
OH0853,메가타 다네타로,,직위,기타,재정 고문,1904~,31-1;44-1,,대구물어 단독 전거,미대조,,미매핑:한국정부(재정); 남작,민회기(1903~05),8 행정관직,관외:한국 관청
OH0854,메가타 다네타로,,직위,기타,재정고문,1904~,61-1,,대구물어 단독 전거,미대조,,미매핑:한국정부 재정고문;1904-10 취임,민회기(1903~05),8 행정관직,관외:한국 관청
OH0855,메가타 다네타로,,직위,기타,재정고문,~1908,94-1,,대구물어 단독 전거,미대조,,미매핑:한국정부(탁지부) — 사퇴,확장기(1908~10),8 행정관직,관외:한국 관청
OH0856,무타,,직위,기타,참모장,1907,81-1,,대구물어 단독 전거,미대조,,미매핑:한국주차군(하세가와 대장과 병기),민단 제도화기(1906~07),9 경찰·헌병·군,관외:일본군
OH0857,미즈타 야스지로,,직위,기타,대위,,111-3,,대구물어 단독 전거,미대조,,미매핑:보병 제47연대,,9 경찰·헌병·군,관외:일본군
OH0858,민영기,,직위,기타,탁지부대신,1905,38-2,,대구물어 단독 전거,미대조,,미매핑:한국정부 내각,민회기(1903~05),8 행정관직,관외:한국 관청
OH0859,박제순,,직위,기타,총리대신·참정대신,1905~1906,38-2;44-1,,대구물어 단독 전거,미대조,,"미매핑:한국정부 내각; 38-2 총리대신, 44-1 참정대신 표기",민회기(1903~05),8 행정관직,관외:한국 관청
OH0860,박제순,,직위,기타,내각 수반(박제순 내각),~1907,61-2,,대구물어 단독 전거,미대조,,미매핑:한국 내각;1907-05 붕괴,민단 제도화기(1906~07),8 행정관직,관외:한국 관청
OH0861,박제순,,직위,기타,참정대신,~1907,74-1,,대구물어 단독 전거,미대조,,미매핑:의정부 — 1907-05 사임,민단 제도화기(1906~07),8 행정관직,관외:한국 관청
OH0862,박중양,,직위,기타,기사(技師),1906,47-2,,대구물어 단독 전거,미대조,,미매핑:한국 군부; 특파대사 수행 자격,민단 제도화기(1906~07),5 전문직능직,관외:한국 관청
OH0863,박중양,,직위,기타,경무관,1906,47-3,,대구물어 단독 전거,미대조,,미매핑:한국정부(경무); 귀국 직후,민단 제도화기(1906~07),9 경찰·헌병·군,관외:한국 관청
OH0864,박중양,,직위,기타,충청남북도 도장관,1910,57-1,,대구물어 단독 전거,미대조,,미매핑:충청남북도;한일병합 무렵 영전,확장기(1908~10),8 행정관직,관외:한국 관청
OH0865,박중양,,직위,기타,평안남도 관찰사,1907~1908,71-3,,대구물어 단독 전거,미대조,,미매핑:평안남도관찰부;1907-06 임명,민단 제도화기(1906~07),8 행정관직,관외:한국 관청
OH0866,박중양,,직위,기타,평안남도 관찰사,1907~1908,92-3,,대구물어 단독 전거,미대조,,미매핑:평안남도관찰부,민단 제도화기(1906~07),8 행정관직,관외:한국 관청
OH0867,사사모토 레이도,,소속,,시내판매부,,34-2,,대구물어 단독 전거,미대조,,미매핑:조선민보(O032 대구신문 후신); 현재(1930); 사카이 만지로의 사위,,,관외:기업·언론
OH0868,사카모토 도시스케,,소속,,마쓰마에 대구지점 근무,1904~,4-1,,대구물어 단독 전거,미대조,,미매핑:마쓰마에 대구지점,민회기(1903~05),,관외:기업·언론
OH0869,사카타 분키치,,직위,이사·간사,상치위원,1909~,110-1,,대구물어 단독 전거,미대조,,미매핑:부산일본인상업회의소,확장기(1908~10),3 집행간부·사무회계직,관외:일본 본국
OH0870,사토 료헤이,,소속,,사토 잡화점의 사토 료헤이,,73-4,,대구물어 단독 전거,미대조,,미매핑:사토잡화점,,,관외:기업·언론
OH0871,사토 스스무,,직위,기타,군의총감,,67-2,,대구물어 단독 전거,미대조,,미매핑:일본 육군;동아동인회가 낙성식에 파견,,9 경찰·헌병·군,관외:일본 본국
OH0872,세노 에이타로,,직위,기타,주임,,30-3,,대구물어 단독 전거,미대조,,미매핑:경상북도 포항 토목과 파출소; 현재(1930),,3 집행간부·사무회계직,관외:한국 관청
OH0873,소가와 유타카,,직위,기타,군장,,86-4,,대구물어 단독 전거,미대조,,미매핑:도쿠시마현 군(전직 군장); 아사노가 민장 후보로 추천,,8 행정관직,관외:일본 본국
OH0874,송병준,,직위,기타,농상공부대신,1907~,74-1,,대구물어 단독 전거,미대조,,미매핑:농상공부 — 1907-05-25 임명,민단 제도화기(1906~07),8 행정관직,관외:한국 관청
OH0876,송병준,,직위,기타,대신,1909,103-1,,대구물어 단독 전거,미대조,,미매핑:한국 내각 — 대신 열석 중 이름 명시,확장기(1908~10),8 행정관직,관외:한국 관청
OH0877,스기타 데이치,,직위,기타,전 중의원 의장·귀족원 의원,,65-5,,대구물어 단독 전거,미대조,,미매핑:일본 제국의회;1906 대구 시찰,,2 의결직,관외:일본 본국
OH0878,스기하라 신키치,,직위,사장,전 대표자,,58-1,,대구물어 단독 전거,미대조,,미매핑:스기하라합명회사;1930 봄 병사,,4 상업·경영직,관외:기업·언론
OH0879,스즈키 다케시,,직위,지배인,주임,,31-2,,대구물어 단독 전거,미대조,,미매핑:마쓰모토 석유부(부산)의 대구 인수점,,4 상업·경영직,관외:기업·언론
OH0880,스즈키 히사지로,,직위,발기인,맥주회 조직,,28-1,,대구물어 단독 전거,미대조,,미매핑:맥주회(달서교 부근 비어홀),,10 발기인,관외:결사·자치
OH0881,시게히사 유히코,,직위,기타,소좌,,111-3,,대구물어 단독 전거,미대조,,미매핑:보병 제47연대(원문 표기 시게히사 다케히코),,9 경찰·헌병·군,관외:일본군
OH0882,시데하라,,직위,기타,학부 고문,1906~,44-1,,대구물어 단독 전거,미대조,,미매핑:한국 학부; 신규인물후보(성만 표기),민단 제도화기(1906~07),8 행정관직,관외:한국 관청
OH0883,시마다 시즈카,,직위,기타,민단장,,31-1,,대구물어 단독 전거,미대조,,미매핑:부산거류민단; 과거 재임,,1 대표직,관외:결사·자치
OH0884,시모바야시 야스타케,,직위,기타,전임 제3대대장(소좌),,111-3,,대구물어 단독 전거,미대조,,미매핑:보병 제47연대; 전임,,9 경찰·헌병·군,관외:일본군
OH0885,시부사와 에이치,,직위,기타,총재,1905,4-3,,대구물어 단독 전거,미대조,,미매핑:제일은행,민회기(1903~05),1 대표직,관외:기업·언론
OH0886,시오카와 이치타로,,직위,기타,사무관,1907,84-3,,대구물어 단독 전거,미대조,,성만 '시오카와' 표기 — 소속 기관 미기재,민단 제도화기(1906~07),8 행정관직,불명
OH0887,신현구,,직위,기타,군수,,50-3,,대구물어 단독 전거,미대조,,미매핑:달성군; 달성군수,,8 행정관직,관외:한국 관청
OH0888,쓰지 소노지로,,직위,기타,경영(활동상설관),1911~,33-2,,대구물어 단독 전거,미대조,,"미매핑:대구구락부(활동상설관, 후일 나니와관 — O049 친목단체와 동명이조직)",시기외,4 상업·경영직,관외:기업·언론
OH0889,쓰지 소노지로,,직위,지배인,주임,1904~,31-1;33-1,,대구물어 단독 전거,미대조,,미매핑:오사카하라타 대구지점,민회기(1903~05),4 상업·경영직,관외:일본 본국
OH0890,아다치 다키지로,,직위,이사·간사,상치위원,1909~,110-1,,대구물어 단독 전거,미대조,,미매핑:부산일본인상업회의소,확장기(1908~10),3 집행간부·사무회계직,관외:일본 본국
OH0891,아라이 겐타로,,직위,기타,탁지부차관,1907~,83-3;94-1,,대구물어 단독 전거,미대조,,미매핑:탁지부,민단 제도화기(1906~07),8 행정관직,관외:한국 관청
OH0892,아리요시 주이치,,직위,기타,요코하마 시장,,63-2,,대구물어 단독 전거,미대조,,미매핑:요코하마시;1930 현재,,8 행정관직,관외:일본 본국
OH0893,아리타 오토마쓰,,직위,지배인,주임,,43-1,,대구물어 단독 전거,미대조,,미매핑:만한매약상회(부산),,4 상업·경영직,관외:기업·언론
OH0894,아와타 에이지로,,직위,기타,아사히상회 공동 경영,,23-2;24-2,,대구물어 단독 전거,미대조,,미매핑:아사히상회(오키타와 공동 개점),,4 상업·경영직,관외:기업·언론
OH0895,아카시 오토키치,,직위,기타,요정 아카시 옛 주인,,20-1,,대구물어 단독 전거,미대조,,미매핑:요정 아카시,,4 상업·경영직,관외:기업·언론
OH0896,아쿠타가와 다다시,,직위,사장,부산일보 사장,,27-2,,대구물어 단독 전거,미대조,,미매핑:부산일보(후일),,4 상업·경영직,관외:기업·언론
OH0897,야마가미 사다나오,,직위,기타,전임 제1대대장(소좌),,111-3,,대구물어 단독 전거,미대조,,미매핑:보병 제47연대; 전임,,9 경찰·헌병·군,관외:일본군
OH0898,야마다 기쿠지로,,소속,,이마카네야 간장양조점의 야마다 기쿠지로,,73-4,,대구물어 단독 전거,미대조,,미매핑:이마카네야간장양조점,,,관외:기업·언론
OH0899,야마모토 준이치,,직위,이사·간사,상치위원,1909~,110-1,,대구물어 단독 전거,미대조,,미매핑:부산일본인상업회의소,확장기(1908~10),3 집행간부·사무회계직,관외:일본 본국
OH0900,야마와키 쇼사쿠,,직위,기타,야마와키 병원 개업의,1905,6-2,,대구물어 단독 전거,미대조,,미매핑:야마와키병원,민회기(1903~05),5 전문직능직,관외:기업·언론
OH0901,야마지 조이치,,직위,주필,주필,1907,72-2,,대구물어 단독 전거,미대조,,미매핑:대한일보 — 후일 경력(민정당 총무·철도차관)은 미등재,민단 제도화기(1906~07),5 전문직능직,관외:기업·언론
OH0902,야마지 조이치,,직위,주필,주필,1909,110-3,,대구물어 단독 전거,미대조,,미매핑:대한일보(경성),확장기(1908~10),5 전문직능직,관외:한국 관청
OH0903,오노 쇼자부로,,직위,평의원·의원,대구부협의회원,,52-2,,대구물어 단독 전거,미대조,,미매핑:대구부협의회; 현재(1930),,2 의결직,관외:한국 관청
OH0904,오노 쇼자부로,,직위,평의원·의원,대구학교조합의원,,52-2,,대구물어 단독 전거,미대조,,미매핑:대구학교조합; 현재(1930),,2 의결직,관외:기업·언론
OH0905,오다 센,,직위,기타,면장,~1906,51-1,,대구물어 단독 전거,미대조,,미매핑:진해면,민단 제도화기(1906~07),8 행정관직,관외:한국 관청
OH0906,오바 간이치,,직위,이사·간사,이사(取締),1908,86-4,,대구물어 단독 전거,미대조,,미매핑:한국이민주식회사; 추정성 서술(~였던 것 같다),확장기(1908~10),3 집행간부·사무회계직,관외:한국 관청
OH0907,오이케 주스케,,직위,이사·간사,상치위원,1909~,110-1,,대구물어 단독 전거,미대조,,미매핑:부산일본인상업회의소,확장기(1908~10),3 집행간부·사무회계직,관외:일본 본국
OH0908,오카다 기하치,,직위,기타,요릿집 달성관 주인,,4-2,,대구물어 단독 전거,미대조,,미매핑:달성관,,4 상업·경영직,관외:기업·언론
OH0909,오카키 시치로,,직위,기타,농상공부차관,1907~,83-3,,대구물어 단독 전거,미대조,,미매핑:농상공부,민단 제도화기(1906~07),8 행정관직,관외:한국 관청
OH0910,오쿠보 하루노,,직위,기타,한국주차군사령관(대장),1909,110-3,,대구물어 단독 전거,미대조,,미매핑:한국주차군,확장기(1908~10),9 경찰·헌병·군,관외:일본군
OH0911,오쿠보 하루노,,직위,기타,한국주차군사령관(대장),1909,110-3,,대구물어 단독 전거,미대조,,미매핑:한국주차군; 병합맵 오쿠보(주차군사령관) 지정 적용,확장기(1908~10),9 경찰·헌병·군,관외:일본군
OH0912,오키타 스테지로,,직위,기자,오사카마이니치신문 통신원,1905,24-2,,대구물어 단독 전거,미대조,,미매핑:오사카마이니치신문·판매 겸,민회기(1903~05),5 전문직능직,관외:일본 본국
OH0913,오키타 스테지로,,직위,기타,아사히상회 공동 경영,,24-2,,대구물어 단독 전거,미대조,,미매핑:아사히상회(아와타와 공동),,4 상업·경영직,관외:기업·언론
OH0914,와다 유지,,직위,기타,관측소장,,50-2,,대구물어 단독 전거,미대조,,미매핑:인천관측소; 박사,,8 행정관직,관외:한국 관청
OH0915,와다 유지,,직위,기타,관측소장,1909,57-1,,대구물어 단독 전거,미대조,,성만 표기 '와다(和田)'를 와다 유지로 동정;소속 관측소 명시 없음,확장기(1908~10),8 행정관직,불명
OH0916,요시무라 가쓰타로,,직위,기타,서장,~1930,36-2,,대구물어 단독 전거,미대조,,미매핑:청진경찰서; 금년(1930) 봄 퇴임,시기외,9 경찰·헌병·군,관외:한국 관청
OH0917,우메 겐지로,,직위,기타,용빙(법전 편찬),,52-1,,대구물어 단독 전거,미대조,,미매핑:한국정부 법전편찬; 중도 병사,,8 행정관직,관외:한국 관청
OH0918,우쓰노미야 젠이치,,직위,기타,충청북도 평의회원,,58-1,,대구물어 단독 전거,미대조,,미매핑:충청북도평의회;요시미 젠이치에서 개명(양자 입적),,8 행정관직,관외:한국 관청
OH0919,우에다 요시오,,직위,주필,주필,1913,39-2,,대구물어 단독 전거,미대조,,소속 신문명 본문 미기재(필자 가와이의 대리로 서술),시기외,5 전문직능직,관외:기업·언론
OH0920,우에무라 린타로,,직위,기타,소좌,,111-3,,대구물어 단독 전거,미대조,,미매핑:보병 제47연대,,9 경찰·헌병·군,관외:일본군
OH0921,우지노 도쿠타로,,직위,기타,검사,1908~,91-1,,대구물어 단독 전거,미대조,,미매핑:진주지방법원 — 전임 발령,확장기(1908~10),7 사법,관외:한국 관청
OH0922,윤필오,,직위,기타,예안군 군수,1912,29-2,,대구물어 단독 전거,미대조,,미매핑:예안군·후일 두세 곳 군수 역임,시기외,8 행정관직,관외:한국 관청
OH0923,이근택,,직위,기타,군부대신,1905,38-2,,대구물어 단독 전거,미대조,,미매핑:한국정부 내각,민회기(1903~05),8 행정관직,관외:한국 관청
OH0924,이나모토 신신,,직위,기자,대구통신원,1909,110-3,,대구물어 단독 전거,미대조,,미매핑:대한일보(경성)·골동품점 운영과 겸업,확장기(1908~10),5 전문직능직,관외:한국 관청
OH0925,이노우에 고사이,,직위,이사·간사,이사(사무부장),1908~,100-2,,대구물어 단독 전거,미대조,,미매핑:동양척식주식회사 본사,확장기(1908~10),3 집행간부·사무회계직,관외:기업·언론
OH0926,이노우에 소노스케,,직위,기타,서기,~1907,64-2,,대구물어 단독 전거,미대조,,미매핑:부산상업회의소,민단 제도화기(1906~07),3 집행간부·사무회계직,관외:결사·자치
OH0927,이노우에 준노스케,,직위,기타,대장성 장관,,63-2,,대구물어 단독 전거,미대조,,미매핑:대장성(일본);1930 현재,,8 행정관직,관외:일본 본국
OH0928,이마이 다다오,,직위,사장,사장,1907,72-2,,대구물어 단독 전거,미대조,,미매핑:조선신보,민단 제도화기(1906~07),4 상업·경영직,관외:기업·언론
OH0929,이병무,,직위,기타,군부대신,1907~,74-1,,대구물어 단독 전거,미대조,,미매핑:군부,민단 제도화기(1906~07),8 행정관직,관외:한국 관청
OH0930,이병무,,직위,기타,군부대신,1909,103-1,,대구물어 단독 전거,미대조,,미매핑:군부 — 본문 성만 표기(이 군부대신),확장기(1908~10),8 행정관직,관외:한국 관청
OH0931,이사카 다카시,,직위,회장,요코하마 상업회의소 회장,,63-2,,대구물어 단독 전거,미대조,,미매핑:요코하마상업회의소;1930 현재,,1 대표직,관외:일본 본국
OH0932,이상설,,직위,기타,의정부 참찬,~1905,74-2,,대구물어 단독 전거,미대조,,미매핑:의정부 — 전직·1905 면직,민회기(1903~05),8 행정관직,관외:한국 관청
OH0933,이시이 미쓰오,,직위,기타,부총재,,46-1,,대구물어 단독 전거,미대조,,미매핑:일본권업은행; 현재(1930),,1 대표직,관외:일본 본국
OH0934,이시이 미쓰오,,직위,지배인,지배인,1909~,107-2,,대구물어 단독 전거,미대조,,미매핑:한성공동창고주식회사(경성) | [재판정 정정 2026-07-23] 근거절 107-3→107-2(지배인 서술 위치),확장기(1908~10),4 상업·경영직,관외:한국 관청
OH0935,이시카와 구스지로,,직위,기타,제2대대장(소좌),,111-3,,대구물어 단독 전거,미대조,,미매핑:보병 제47연대,,9 경찰·헌병·군,관외:일본군
OH0936,이와사 데이조,,직위,이사·간사,이사(금융부장),1908~,100-2,,대구물어 단독 전거,미대조,,미매핑:동양척식주식회사 본사,확장기(1908~10),3 집행간부·사무회계직,관외:기업·언론
OH0937,이완용,,직위,기타,학부대신,1905,38-2,,대구물어 단독 전거,미대조,,미매핑:한국정부 내각,민회기(1903~05),8 행정관직,관외:한국 관청
OH0938,이완용,,직위,기타,내각 수반(이완용 내각),1907~,61-2,,대구물어 단독 전거,미대조,,미매핑:한국 내각;1907-05 성립,민단 제도화기(1906~07),8 행정관직,관외:한국 관청
OH0939,이완용,,직위,기타,참정대신(총리대신),1907~,74-1,,대구물어 단독 전거,미대조,,미매핑:의정부 — 1907-05-22 내각 성립·농상공부대신 일시 겸직,민단 제도화기(1906~07),8 행정관직,관외:한국 관청
OH0940,이완용,,직위,기타,내각총리대신,1909,103-1,,대구물어 단독 전거,미대조,,미매핑:한국 내각,확장기(1908~10),8 행정관직,관외:한국 관청
OH0941,이위종,,직위,기타,주러공사관 서기관,,74-2,,대구물어 단독 전거,미대조,,미매핑:주러공사관 — 전직,,8 행정관직,관외:한국 관청
OH0942,이재곤,,직위,기타,학부대신,1907~,74-1,,대구물어 단독 전거,미대조,,미매핑:학부,민단 제도화기(1906~07),8 행정관직,관외:한국 관청
OH0943,이종국,,직위,기타,군수,,42-3,,대구물어 단독 전거,미대조,,미매핑:신녕군·경북 각 군·달성군; 역임 후 대구부 식산국 전임,,8 행정관직,관외:한국 관청
OH0944,이종국,,직위,기타,참여관,,42-3,,대구물어 단독 전거,미대조,,미매핑:평안남도; 재직 중 평양에서 병사,,8 행정관직,관외:한국 관청
OH0945,이준,,직위,기타,평리원 검사,,74-2,,대구물어 단독 전거,미대조,,미매핑:평리원 — 전직,,7 사법,관외:한국 관청
OH0946,이즈미 스에지,,직위,이사·간사,전무이사,,46-2,,대구물어 단독 전거,미대조,,미매핑:부산상업은행; 현재(1930),,3 집행간부·사무회계직,관외:기업·언론
OH0947,이지용,,직위,기타,내부대신,1905,38-2,,대구물어 단독 전거,미대조,,미매핑:한국정부 내각,민회기(1903~05),8 행정관직,관외:한국 관청
OH0948,이진호,,직위,기타,도장관,1911,79-2,,대구물어 단독 전거,미대조,,미매핑:경상북도(도청),시기외,8 행정관직,관외:한국 관청
OH0949,이치하라,,직위,기타,한국총지배인,1909,110-1,,대구물어 단독 전거,미대조,,신규인물후보·미매핑:제일은행·본문 성만 표기(市原),확장기(1908~10),4 상업·경영직,관외:한국 관청
OH0950,이토 히로부미,,직위,기타,태자태부,1907~,82-1,,대구물어 단독 전거,미대조,,미매핑:한국황실 — 1907-11 임명,민단 제도화기(1906~07),8 행정관직,관외:한국 관청
OH0951,이토 히로부미,,직위,의장,추밀원 의장,1909~,112-1,,대구물어 단독 전거,미대조,,미매핑:추밀원,확장기(1908~10),1 대표직,관외:일본 본국
OH0952,이하영,,직위,기타,법부대신,1905,38-2,,대구물어 단독 전거,미대조,,미매핑:한국정부 내각,민회기(1903~05),8 행정관직,관외:한국 관청
OH0953,임선준,,직위,기타,내부대신,1907~,74-1,,대구물어 단독 전거,미대조,,미매핑:내부,민단 제도화기(1906~07),8 행정관직,관외:한국 관청
OH0954,장지연,,직위,기자,기자,1907,76-3,,대구물어 단독 전거,미대조,,미매핑:황성신문 — 시일야방성대곡 필자·호 위암,민단 제도화기(1906~07),5 전문직능직,관외:기업·언론
OH0955,전우,,직위,단장,의병 대장,1906,45-2,,대구물어 단독 전거,미대조,,미매핑:의병(경북 진보),민단 제도화기(1906~07),11 기타,관외:결사·자치
OH0956,조중응,,직위,기타,법무대신(법부대신),1907~,74-1,,대구물어 단독 전거,미대조,,미매핑:법부 — 1907-05-25 임명,민단 제도화기(1906~07),8 행정관직,관외:한국 관청
OH0957,하라다 리베,,소속,,농상공부 근무(농사개량·탈곡기),1904~,32-1,,대구물어 단독 전거,미대조,,미매핑:농상공부,민회기(1903~05),,관외:한국 관청
OH0958,하라다 리베,,직위,사장,은행장,,32-1,,대구물어 단독 전거,미대조,,미매핑:니시로쿠은행,,4 상업·경영직,관외:기업·언론
OH0959,하라다 리베,,직위,평의원·의원,의원,,32-1,,대구물어 단독 전거,미대조,,미매핑:오사카상업회의소; 초빙 당시,,2 의결직,관외:일본 본국
OH0960,하마구치 오사치,,직위,기타,수상,,63-2,,대구물어 단독 전거,미대조,,미매핑:일본 내각;1930 현재,,8 행정관직,관외:일본 본국
OH0961,하세가와 가메타로,,직위,이사·간사,상치위원,1909~,110-1,,대구물어 단독 전거,미대조,,미매핑:부산일본인상업회의소,확장기(1908~10),3 집행간부·사무회계직,관외:일본 본국
OH0962,하세가와 요시미치,,직위,기타,주한군사령관,1905,37-1,,대구물어 단독 전거,미대조,,미매핑:한국주차군; 대장,민회기(1903~05),9 경찰·헌병·군,관외:일본군
OH0963,하세가와 요시미치,,직위,기타,주차군 사령관(대장),1907,76-2,,대구물어 단독 전거,미대조,,미매핑:한국주차군,민단 제도화기(1906~07),9 경찰·헌병·군,관외:일본군
OH0964,하야시 곤스케,,직위,기타,공사,,32-1;37-1,,대구물어 단독 전거,미대조,,미매핑:주한일본공사관,,8 행정관직,관외:일본 본국
OH0965,하야시 다다스,,직위,기타,외무대신,1907,76-1,,대구물어 단독 전거,미대조,,미매핑:일본외무성,민단 제도화기(1906~07),8 행정관직,관외:일본 본국
OH0966,하야시 이치조,,직위,이사·간사,이사(서무부장),1908~,100-2,,대구물어 단독 전거,미대조,,미매핑:동양척식주식회사 본사,확장기(1908~10),3 집행간부·사무회계직,관외:기업·언론
OH0967,하자마 후사타로,,직위,이사·간사,상치위원,1909~,110-1,,대구물어 단독 전거,미대조,,미매핑:부산일본인상업회의소,확장기(1908~10),3 집행간부·사무회계직,관외:일본 본국
OH0968,하타,,직위,기타,사무관,1908,98-3,,대구물어 단독 전거,미대조,,"신규인물후보 — 성만 표기(秦), 소속 관서 불명확(행정청 열거 중)",확장기(1908~10),8 행정관직,불명
OH0969,한상룡,,직위,이사·간사,한국측 이사,1908~,100-2,,대구물어 단독 전거,미대조,,미매핑:동양척식주식회사 본사,확장기(1908~10),3 집행간부·사무회계직,관외:한국 관청
OH0970,헤라이,,직위,기타,모범장 출장소장,1908,98-3,,대구물어 단독 전거,미대조,,신규인물후보 — 미매핑:권업모범장 대구출장소,확장기(1908~10),8 행정관직,관외:한국 관청
OH0971,혼다 고스케,,직위,기타,수원모범장장,,65-5,,대구물어 단독 전거,미대조,,미매핑:수원모범장,,8 행정관직,관외:한국 관청
OH0972,후지나와 분준,,직위,기타,철도촉탁의,,67-3,,대구물어 단독 전거,미대조,,미매핑:철도;현재 동인의원 간판으로 개업,,5 전문직능직,관외:기업·언론
OH0973,후지노,,직위,기타,포항수비대장(중위),1907,78-3,,대구물어 단독 전거,미대조,,미매핑:포항수비대 — 신규인물후보,민단 제도화기(1906~07),9 경찰·헌병·군,관외:일본군
OH0974,후쿠타 마스베,,직위,조합장,조합장,,15-2,,대구물어 단독 전거,미대조,,미매핑:한전조합(부산),,1 대표직,관외:기업·언론
OH0975,히와타시 세이에이,,소속,,기계부 근무,,30-2,,대구물어 단독 전거,미대조,,미매핑:스기하라합명회사; 현재(1930),,,관외:기업·언론
